# Blender 4.5.2 LTS
# www.blender.org
mtllib Table and TV.mtl
o Cube
v -1.551334 2.379227 0.044436
v -1.551334 3.922708 0.044436
v -1.577008 2.335714 -0.044568
v -1.577008 3.943150 -0.044568
v 1.545863 2.379227 0.034249
v 1.545863 3.922708 0.034249
v 1.568387 2.335714 -0.034117
v 1.568387 3.943150 -0.034117
v -1.577008 2.335714 0.044568
v -1.577008 3.943150 0.044568
v 1.568387 3.943150 0.034117
v 1.568387 2.335714 0.034117
v -1.551521 2.379227 -0.012104
v -1.551521 3.922708 -0.012104
v 1.545675 3.922708 -0.022290
v 1.545675 2.379227 -0.022290
v -1.537433 2.356155 -0.001447
v -1.537433 3.922708 -0.001447
v 1.528507 3.922708 -0.011633
v 1.528507 2.356155 -0.011633
v -1.537379 2.356155 0.014698
v -1.537379 3.922708 0.014698
v 1.528560 3.922708 0.004512
v 1.528560 2.356155 0.004512
v -0.004311 2.335714 -0.228331
v -0.004311 3.943150 -0.039343
v -0.004311 2.335714 0.039343
v -0.004311 3.943150 0.039343
v -0.004311 2.379227 0.039343
v -0.004311 3.922708 0.039343
v -0.004498 2.379227 -0.017197
v -0.004498 3.922708 -0.017197
v -0.004463 2.356155 -0.006540
v -0.004463 3.922708 -0.006540
v -0.004409 2.356155 0.009605
v -0.004409 3.922708 0.009605
v -1.577008 3.139432 0.044568
v -1.577008 3.186876 -0.044568
v 1.568387 3.186876 -0.034117
v 1.568387 3.139432 0.034117
v -1.551334 3.139432 0.044436
v 1.545863 3.139432 0.034249
v -1.551521 3.139432 -0.012104
v 1.545675 3.139432 -0.022290
v -1.537433 3.139432 -0.001447
v 1.528507 3.139432 -0.011633
v -1.537379 3.139432 0.014698
v 1.528560 3.139432 0.004512
v -1.577008 3.541291 0.044568
v -1.551334 3.531070 0.044436
v -1.551521 3.531070 -0.012104
v -1.537433 3.531070 -0.001447
v -1.537379 3.531070 0.014698
v -1.577008 3.365536 -0.044568
v 1.568387 3.365536 -0.034117
v 1.568387 3.541291 0.034117
v 1.545863 3.531070 0.034249
v 1.545675 3.531070 -0.022290
v 1.528507 3.531070 -0.011633
v 1.528560 3.531070 0.004512
v -0.004311 3.365536 -0.097658
v -0.572805 2.335714 -0.097658
v -0.790659 3.943150 0.041955
v -0.770796 3.922708 0.041889
v -0.770983 3.922708 -0.014650
v -0.770948 3.922708 -0.003993
v -0.770894 3.922708 0.012152
v -0.572805 3.943150 -0.041955
v -0.790659 2.335714 0.041955
v -0.770796 2.379227 0.041889
v -0.770983 2.379227 -0.014650
v -0.770948 2.356155 -0.003993
v -0.770894 2.356155 0.012152
v -0.572805 3.186876 -0.097658
v -0.572805 3.365536 -0.097658
v 0.510698 3.943150 -0.036730
v 0.782038 2.335714 0.036730
v 0.762174 2.379227 0.036796
v 0.761986 2.379227 -0.019743
v 0.762022 2.356155 -0.009086
v 0.762075 2.356155 0.007059
v 0.510698 2.335714 -0.097658
v 0.782038 3.943150 0.036730
v 0.762174 3.922708 0.036796
v 0.761986 3.922708 -0.019743
v 0.762022 3.922708 -0.009086
v 0.762075 3.922708 0.007059
v 0.510698 3.186876 -0.097658
v 0.510247 3.365536 -0.097390
v 0.301234 2.335714 -0.228331
v 0.388864 3.943150 0.038036
v 0.378932 3.922708 0.038069
v 0.378744 3.922708 -0.018470
v 0.378779 3.922708 -0.007813
v 0.378833 3.922708 0.008332
v 0.388864 3.943150 -0.038036
v 0.388864 2.335714 0.038036
v 0.378932 2.379227 0.038069
v 0.378744 2.379227 -0.018470
v 0.378779 2.356155 -0.007813
v 0.378833 2.356155 0.008332
v 0.388864 3.365536 -0.097658
v -0.397485 3.943150 -0.040649
v -0.397485 2.335714 0.040649
v -0.387553 2.379227 0.040616
v -0.387741 2.379227 -0.015923
v -0.387706 2.356155 -0.005266
v -0.387652 2.356155 0.010879
v -0.397485 3.365536 -0.097658
v -0.342256 2.335714 -0.228331
v -0.397485 3.943150 0.040649
v -0.387553 3.922708 0.040616
v -0.387741 3.922708 -0.015923
v -0.387706 3.922708 -0.005266
v -0.387652 3.922708 0.010879
v -1.577008 3.340361 -0.044568
v 1.568387 3.340361 -0.034117
v 1.568387 3.340361 0.034117
v 1.545863 3.335251 0.034249
v 1.545675 3.335251 -0.022290
v 1.528507 3.335251 -0.011633
v 1.528560 3.335251 0.004512
v -1.577008 3.340361 0.044568
v -1.551334 3.335251 0.044436
v -1.551521 3.335251 -0.012104
v -1.537433 3.335251 -0.001447
v -1.537379 3.335251 0.014698
v -0.572805 3.340361 -0.097658
v 0.509501 3.340361 -0.097887
v -0.542806 2.335714 -0.097658
v -0.594072 3.943150 0.041302
v -0.579174 3.922708 0.041252
v -0.579362 3.922708 -0.015287
v -0.579327 3.922708 -0.004630
v -0.579273 3.922708 0.011515
v -0.594072 3.943150 -0.041302
v -0.594072 2.335714 0.041302
v -0.579174 2.379227 0.041252
v -0.579362 2.379227 -0.015287
v -0.579327 2.356155 -0.004630
v -0.579273 2.356155 0.011515
v -0.594072 3.365536 -0.097658
v 0.585451 3.943150 -0.037383
v 0.585451 2.335714 0.037383
v 0.570553 2.379227 0.037433
v 0.570365 2.379227 -0.019107
v 0.570401 2.356155 -0.008450
v 0.570454 2.356155 0.007695
v 0.585451 3.365536 -0.097658
v 0.489590 2.335714 -0.097658
v 0.585451 3.943150 0.037383
v 0.570553 3.922708 0.037433
v 0.570365 3.922708 -0.019107
v 0.570401 3.922708 -0.008450
v 0.570454 3.922708 0.007695
v -1.577008 2.442099 -0.044568
v 1.568387 2.442099 -0.034117
v 1.568387 2.436066 0.034117
v 1.545863 2.454085 0.034249
v 1.545675 2.454085 -0.022290
v 1.528507 2.454085 -0.011633
v 1.528560 2.454085 0.004512
v -0.572805 2.442099 -0.097658
v 0.510698 2.442099 -0.097658
v -1.577008 2.436066 0.044568
v -1.551334 2.454085 0.044436
v -1.551521 2.454085 -0.012104
v -1.537433 2.454085 -0.001447
v -1.537379 2.454085 0.014698
v -1.577008 2.433468 -0.052509
v -1.577008 2.335856 -0.052509
v -0.558905 2.335856 -0.105599
v 1.568387 2.433468 -0.042059
v 1.568387 2.335856 -0.042059
v -0.004310 3.340504 -0.105599
v -0.397485 3.356977 -0.105599
v -0.004310 3.356977 -0.105599
v -0.542806 2.335856 -0.105599
v -0.558905 3.340504 -0.105599
v -0.558905 3.187018 -0.105599
v -0.558905 2.433468 -0.105599
v 0.503388 2.327154 -0.105599
v 0.489591 3.187018 -0.105599
v 0.503388 3.178316 -0.105599
v 0.509865 3.357191 -0.105638
v 0.507031 3.331706 -0.107736
v 0.503388 2.424766 -0.105599
v 0.489591 2.335856 -0.105599
v 0.388864 3.356977 -0.105599
v 0.399268 3.340504 -0.105599
v -0.542806 3.187018 -0.105599
v -0.397485 3.340504 -0.105599
v -0.542806 3.340504 -0.105599
v 0.489591 3.340504 -0.105599
v -0.542806 2.442242 -0.105599
v 0.489591 2.442242 -0.105599
v 0.506394 3.356236 -0.103504
v 0.383653 3.356851 -0.105843
v 0.383653 3.365732 -0.097594
v 0.383653 3.355970 -0.105777
v 0.383653 3.364851 -0.097528
v 0.508924 3.356851 -0.105843
v 0.508924 3.365732 -0.097594
v 0.508924 3.355970 -0.105777
v 0.508924 3.364851 -0.097528
v -0.558905 3.356821 -0.105599
v -0.498165 3.356977 -0.105599
v -0.573802 3.365536 -0.097658
v -0.559174 3.356977 -0.105599
v 0.301235 2.335856 -0.236272
v -0.004310 2.335856 -0.236272
v -0.342256 3.187018 -0.236272
v -0.004310 3.187018 -0.236272
v 0.311638 3.187018 -0.236272
v -0.342256 2.335856 -0.236272
v -0.216354 2.335856 -0.236272
v 0.201600 2.335856 -0.236272
v 0.203690 2.480052 -0.236272
v -0.219241 2.478850 -0.236272
v 0.098645 2.335856 -0.236272
v -0.110332 2.335856 -0.236272
v 0.202645 2.407954 -0.236272
v -0.007776 2.479451 -0.236272
v -0.217798 2.407353 -0.236272
vn -1.0000 -0.0000 -0.0000
vn -0.0696 0.1301 -0.9891
vn -0.0882 0.0274 -0.9957
vn 0.0784 0.0212 -0.9967
vn 0.0308 0.1330 -0.9906
vn 0.0798 0.1533 -0.9850
vn 0.1000 0.0337 -0.9944
vn 1.0000 -0.0000 -0.0000
vn -0.0000 -1.0000 -0.0000
vn -0.0644 -0.9305 0.3606
vn -0.0040 -0.9971 0.0758
vn -0.0249 0.1448 -0.9892
vn -0.0000 1.0000 -0.0000
vn 0.0051 -0.0000 1.0000
vn 0.0043 -0.0005 1.0000
vn 0.0040 -0.0007 1.0000
vn 0.0059 -0.0000 1.0000
vn 0.0048 -0.0003 1.0000
vn 0.0037 -0.0006 1.0000
vn 0.0033 0.0002 1.0000
vn 0.0044 0.0002 1.0000
vn 0.0036 0.0004 1.0000
vn 0.0033 0.0003 1.0000
vn 0.0033 0.0005 1.0000
vn 0.0047 0.0006 1.0000
vn 0.0041 0.0010 1.0000
vn 0.0033 0.0009 1.0000
vn 0.5274 -0.0000 0.8496
vn 0.7796 -0.0000 0.6263
vn -1.0000 -0.0000 0.0033
vn 1.0000 -0.0000 -0.0033
vn -0.0024 -0.6795 -0.7337
vn -0.0025 -0.6478 -0.7618
vn -0.0030 -0.4188 -0.9081
vn -0.0030 -0.4184 -0.9083
vn -0.6033 -0.0000 0.7975
vn -0.8437 -0.0000 0.5369
vn -0.8337 -0.0000 0.5523
vn -0.0030 -0.4193 -0.9078
vn -0.0024 -0.6799 -0.7333
vn 0.0033 -0.0000 1.0000
vn 0.0016 0.2149 -0.9766
vn 0.0016 0.2114 -0.9774
vn -0.0058 -0.9999 -0.0133
vn -0.0000 -1.0000 -0.0090
vn 0.0015 0.1859 -0.9826
vn 0.0016 0.2079 -0.9781
vn 0.0015 0.1887 -0.9820
vn 0.2487 -0.0000 -0.9686
vn 0.1256 -0.0003 -0.9921
vn 0.1225 -0.0000 -0.9925
vn 0.1189 -0.0006 -0.9929
vn -0.0004 -0.9999 -0.0124
vn -0.0002 -1.0000 -0.0029
vn -0.0010 -0.9998 -0.0188
vn -0.0002 -0.9998 -0.0181
vn 0.1256 0.0042 -0.9921
vn 0.1372 0.0014 -0.9905
vn -0.1121 -0.0000 -0.9937
vn -0.0738 0.0168 -0.9971
vn -0.1015 -0.0000 -0.9948
vn -0.2246 -0.0000 -0.9744
vn 0.0033 -0.0004 1.0000
vn 0.0033 -0.0008 1.0000
vn -0.0023 -0.7036 -0.7106
vn -0.0024 -0.6803 -0.7329
vn -0.0030 -0.4201 -0.9075
vn -0.0030 -0.4197 -0.9077
vn 0.0142 -0.3816 0.9242
vn 0.0152 -0.1335 0.9909
vn -0.1032 -0.0000 -0.9947
vn -0.4961 -0.0000 -0.8683
vn 0.0033 -0.0003 1.0000
vn -0.0567 -0.9876 0.1466
vn 0.0061 -0.1041 0.9945
vn 0.0060 -0.1887 0.9820
vn 0.0059 -0.2566 0.9665
vn 0.0015 0.1500 -0.9887
vn 0.0061 -0.9999 -0.0133
vn 0.8107 -0.0051 -0.5854
vn 0.8923 -0.0149 -0.4511
vn 0.0016 0.2381 -0.9712
vn 0.0016 0.1426 -0.9898
vn 0.0017 0.0977 -0.9952
vn 0.0016 0.1925 -0.9813
vn -0.0001 -1.0000 -0.0046
vn -0.1130 -0.0000 -0.9936
vn -0.1108 -0.0000 -0.9938
vn 0.9473 -0.0383 -0.3180
vn -0.1658 -0.8378 0.5203
vn -0.0250 -0.8785 0.4770
vn 0.0153 -0.0965 0.9952
vn 0.0493 0.5111 -0.8581
vn -0.0078 -0.9998 -0.0179
vn 0.0017 0.1032 -0.9947
vn 0.0003 -0.9998 -0.0179
vn -0.0000 -0.9998 -0.0179
vn -0.0003 -0.9998 -0.0179
vn 0.1245 -0.0000 -0.9922
vn 0.1275 -0.0000 -0.9918
vn 0.7917 -0.0000 0.6109
vn -0.0680 -0.9803 0.1855
vn 0.7357 -0.0000 -0.6773
vn -0.0394 0.6592 -0.7510
vn 0.5812 -0.0034 -0.8137
vn 0.5863 -0.0018 -0.8101
vn 0.5808 -0.0035 -0.8140
vn -0.0000 -0.0000 -1.0000
vn -0.0256 0.0199 -0.9995
vn -0.0055 0.0043 -1.0000
vn 0.0106 -0.0000 -0.9999
vn -0.0107 0.0083 -0.9999
vn -0.0160 0.0808 -0.9966
vn -0.5459 -0.0000 -0.8378
vn -0.0000 0.6483 -0.7614
vn -0.0100 -0.0000 -0.9999
vn 0.5919 -0.0000 -0.8060
vn -0.0340 0.1112 -0.9932
vn -0.0168 -0.0000 -0.9999
vn 0.0296 -0.0000 -0.9996
vn -0.0380 0.0295 -0.9988
vn -0.0000 0.6802 -0.7331
vn -0.0000 0.1826 0.9832
vn -0.0000 0.6805 -0.7327
vn -0.0000 -0.6805 0.7327
vn -0.0000 -0.1826 -0.9832
vn -0.0000 0.0743 0.9972
vn -0.0000 -0.0743 -0.9972
vt 0.562500 0.000000
vt 0.625000 0.000000
vt 0.625000 0.250000
vt 0.562500 0.250000
vt 0.562500 0.437500
vt 0.625000 0.437500
vt 0.625000 0.500000
vt 0.562500 0.500000
vt 0.625000 0.750000
vt 0.562500 0.750000
vt 0.621821 0.935921
vt 0.621821 0.996842
vt 0.312500 0.500000
vt 0.375000 0.500000
vt 0.375000 0.750000
vt 0.312500 0.750000
vt 0.812500 0.500000
vt 0.875000 0.500000
vt 0.875000 0.750000
vt 0.812500 0.750000
vt 0.560910 0.996842
vt 0.625000 1.000000
vt 0.562500 1.000000
vt 0.393407 0.753158
vt 0.378179 0.753158
vt 0.390625 0.750000
vt 0.378179 0.935921
vt 0.378179 0.996842
vt 0.375000 1.000000
vt 0.375000 0.937500
vt 0.621821 0.814079
vt 0.621821 0.753158
vt 0.625000 0.812500
vt 0.560910 0.753158
vt 0.560910 0.753158
vt 0.378179 0.814079
vt 0.378179 0.814079
vt 0.393407 0.996842
vt 0.393407 0.996842
vt 0.378179 0.814079
vt 0.393407 0.996842
vt 0.621821 0.844540
vt 0.621821 0.875000
vt 0.621821 0.844540
vt 0.378179 0.905461
vt 0.378179 0.875000
vt 0.378179 0.905461
vt 0.378179 0.905461
vt 0.378179 0.905461
vt 0.378179 0.875000
vt 0.621821 0.905461
vt 0.621821 0.875000
vt 0.625000 0.875000
vt 0.625000 0.906250
vt 0.378179 0.844540
vt 0.375000 0.875000
vt 0.375000 0.843750
vt 0.718750 0.500000
vt 0.750000 0.500000
vt 0.750000 0.750000
vt 0.718750 0.750000
vt 0.218750 0.500000
vt 0.250000 0.500000
vt 0.250000 0.750000
vt 0.218750 0.750000
vt 0.621821 0.844539
vt 0.562500 0.343750
vt 0.625000 0.343750
vt 0.625000 0.375000
vt 0.562500 0.375000
vt 0.500000 0.996842
vt 0.530455 0.996842
vt 0.500000 0.753158
vt 0.530455 0.996842
vt 0.530455 0.753158
vt 0.500000 0.750000
vt 0.531250 0.750000
vt 0.500000 1.000000
vt 0.390625 1.000000
vt 0.390625 0.500000
vt 0.500000 0.500000
vt 0.390625 0.437500
vt 0.500000 0.437500
vt 0.560910 0.996842
vt 0.187500 0.500000
vt 0.125000 0.500000
vt 0.530455 0.753158
vt 0.531250 1.000000
vt 0.531250 0.500000
vt 0.531250 0.437500
vt 0.531250 0.000000
vt 0.531250 0.250000
vt 0.562500 0.312500
vt 0.531250 0.312500
vt 0.390625 0.000000
vt 0.500000 0.000000
vt 0.500000 0.250000
vt 0.390625 0.250000
vt 0.625000 0.312500
vt 0.187500 0.750000
vt 0.125000 0.750000
vt 0.625000 0.937500
vt 0.378179 0.935921
vt 0.621821 0.920691
vt 0.621821 0.920691
vt 0.621821 0.920691
vt 0.378179 0.920691
vt 0.375000 0.921875
vt 0.796875 0.750000
vt 0.796875 0.500000
vt 0.621821 0.920691
vt 0.500000 0.312500
vt 0.390625 0.312500
vt 0.621821 0.814079
vt 0.687500 0.500000
vt 0.687500 0.750000
vt 0.375000 0.812500
vt 0.378179 0.829309
vt 0.378179 0.829309
vt 0.378179 0.829309
vt 0.378179 0.829309
vt 0.621821 0.829309
vt 0.625000 0.828125
vt 0.296875 0.500000
vt 0.296875 0.750000
vt 0.562500 0.421875
vt 0.625000 0.421875
vt 0.625000 0.406250
vt 0.562500 0.406250
vt 0.281250 0.500000
vt 0.281250 0.750000
vt 0.625000 0.843750
vt 0.378179 0.844539
vt 0.378179 0.844539
vt 0.378179 0.844539
vt 0.621821 0.829309
vt 0.703125 0.500000
vt 0.703125 0.750000
vt 0.375000 0.828125
vt 0.621821 0.829309
vt 0.621821 0.829309
vt 0.621821 0.905461
vt 0.781250 0.500000
vt 0.781250 0.750000
vt 0.375000 0.906250
vt 0.562500 0.329736
vt 0.562500 0.328125
vt 0.625000 0.328125
vt 0.203125 0.500000
vt 0.203125 0.750000
vt 0.625000 0.921875
vt 0.378179 0.920691
vt 0.375000 0.250000
vt 0.553703 0.437500
vt 0.551504 0.312500
vt 0.260530 0.500000
vt 0.271060 0.500000
vt 0.230392 0.500000
vt 0.240196 0.500000
vt 0.375000 0.000000
vt 0.500000 0.406250
vt 0.500000 0.421875
vt 0.390625 0.421875
vt 0.375000 0.421875
vt 0.375000 0.406250
vt 0.531250 0.343750
vt 0.531250 0.375000
vt 0.531250 0.406250
vt 0.500000 0.328125
vt 0.531250 0.328125
vt 0.500000 0.343750
vt 0.500000 0.375000
vt 0.375000 0.343750
vt 0.375000 0.328125
vt 0.390625 0.328125
vt 0.531250 0.421875
vt 0.375000 0.312500
vt 0.375000 0.437500
vt 0.562500 0.335748
vt 0.562500 0.330899
vt 0.385500 0.355444
vt 0.375000 0.355392
vt 0.375000 0.396060
vt 0.385588 0.396282
vt 0.396176 0.396505
vt 0.396088 0.376000
vt 0.396000 0.355495
s 1
usemtl Material.005
f 49/1/1 10/2/1 4/3/2 54/4/3
f 89/5/4 76/6/5 8/7/6 55/8/7
f 55/8/7 8/7/6 11/9/8 56/10/8
f 64/11/9 2/12/9 14/12/9 65/11/9
f 82/13/10 7/14/11 12/15/9 77/16/9
f 68/17/12 4/18/2 10/19/13 63/20/13
f 50/21/14 2/12/15 10/22/16 49/23/14
f 159/24/17 5/25/18 12/15/19 158/26/17
f 70/27/20 1/28/21 9/29/22 69/30/23
f 84/31/24 6/32/25 11/9/26 83/33/27
f 58/34/28 15/32/28 19/32/29 59/34/29
f 57/35/30 6/32/30 15/32/30 58/34/30
f 78/36/13 5/25/13 16/25/13 79/37/13
f 166/38/31 1/28/31 13/28/31 167/39/31
f 80/37/32 20/25/33 24/25/9 81/40/9
f 79/37/34 16/25/35 20/25/33 80/37/32
f 167/39/36 13/28/36 17/28/37 168/41/38
f 65/11/13 14/12/13 18/12/13 66/11/13
f 168/41/38 17/28/37 21/28/30 169/39/30
f 66/11/13 18/12/13 22/12/13 67/11/13
f 59/34/29 19/32/29 23/32/31 60/35/31
f 94/42/13 34/43/13 36/43/13 95/42/13
f 93/44/13 32/43/13 34/43/13 94/42/13
f 106/45/39 31/46/39 33/46/40 107/47/40
f 107/47/40 33/46/40 35/46/9 108/48/9
f 105/49/13 29/50/13 31/46/13 106/45/13
f 112/51/41 30/52/41 28/53/41 111/54/41
f 98/55/41 29/50/41 27/56/41 97/57/41
f 96/58/42 26/59/43 28/60/13 91/61/13
f 110/62/44 25/63/45 27/64/9 104/65/9
f 92/66/9 30/52/9 32/43/9 93/44/9
f 109/67/46 103/68/47 26/69/43 61/70/48
f 45/71/38 168/41/38 169/39/30 47/71/30
f 126/72/38 45/71/38 47/71/30 127/72/30
f 161/24/29 46/73/29 48/73/31 162/24/31
f 125/72/36 43/71/36 45/71/38 126/72/38
f 124/74/31 41/71/31 43/71/31 125/72/31
f 159/24/30 42/73/30 44/73/30 160/24/30
f 119/75/17 42/73/17 40/76/17 118/77/17
f 160/24/28 44/73/28 46/73/29 161/24/29
f 166/38/14 41/71/14 37/78/14 165/79/14
f 157/80/49 39/81/50 40/76/8 158/26/8
f 164/82/51 88/83/52 39/81/50 157/80/49
f 6/32/25 57/35/17 56/10/17 11/9/26
f 2/12/31 50/21/31 51/21/31 14/12/31
f 14/12/36 51/21/36 52/21/38 18/12/38
f 18/12/38 52/21/38 53/84/30 22/12/30
f 62/85/53 3/86/54 171/86/55 172/85/56
f 121/87/29 59/34/29 60/35/31 122/87/31
f 119/75/30 57/35/30 58/34/30 120/87/30
f 120/87/28 58/34/28 59/34/29 121/87/29
f 124/74/14 50/21/14 49/23/14 123/88/14
f 117/89/57 55/8/7 56/10/8 118/77/8
f 129/90/58 89/5/4 55/8/7 117/89/57
f 123/91/1 49/1/1 54/4/3 116/92/59
f 116/92/59 54/4/3 75/93/60 128/94/61
f 165/95/1 37/96/1 38/97/59 156/98/62
f 54/4/3 4/3/2 68/99/12 75/93/60
f 3/86/54 62/85/53 69/100/9 9/101/9
f 2/12/15 64/11/63 63/102/64 10/22/16
f 1/28/13 70/27/13 71/27/13 13/28/13
f 17/28/65 72/27/66 73/103/9 21/28/9
f 13/28/67 71/27/68 72/27/66 17/28/65
f 134/104/13 66/11/13 67/11/13 135/105/13
f 133/106/13 65/11/13 66/11/13 134/104/13
f 138/107/41 70/27/20 69/30/23 137/108/41
f 68/17/12 63/20/13 131/109/13
f 136/110/69 68/17/70 131/109/9
f 132/111/9 64/11/9 65/11/9 133/106/9
f 156/98/62 38/97/59 74/112/61 163/113/71
f 163/113/71 74/112/61 180/112/72 181/113/72
f 6/32/9 84/31/9 85/114/9 15/32/9
f 8/7/6 76/115/5 83/116/13 11/9/13
f 5/25/18 78/36/73 77/117/63 12/15/19
f 15/32/13 85/114/13 86/114/13 19/32/13
f 19/32/13 86/114/13 87/114/13 23/32/13
f 146/118/39 79/37/34 80/37/32 147/119/40
f 147/119/40 80/37/32 81/40/9 148/120/9
f 145/121/13 78/36/13 79/37/13 146/118/13
f 152/122/41 84/31/24 83/33/27 151/123/41
f 150/124/74 82/13/10 77/16/9 144/125/9
f 149/126/75 143/127/76 76/6/77 89/5/75
f 61/70/48 26/69/43 96/128/42 102/129/78
f 25/63/45 90/130/79 97/131/9 27/64/9
f 30/52/41 92/66/41 91/132/41 28/53/41
f 29/50/13 98/55/13 99/133/13 31/46/13
f 33/46/40 100/134/40 101/135/9 35/46/9
f 31/46/39 99/133/39 100/134/40 33/46/40
f 43/71/36 167/39/36 168/41/38 45/71/38
f 129/90/58 88/83/52 184/83/80 186/90/81
f 152/122/9 92/66/9 93/44/9 153/136/9
f 143/137/82 96/58/42 91/61/13 151/138/13
f 145/121/41 98/55/41 97/57/41 144/139/41
f 153/136/13 93/44/13 94/42/13 154/140/13
f 154/140/13 94/42/13 95/42/13 155/141/13
f 30/52/9 112/51/9 113/142/9 32/43/9
f 26/59/43 103/143/47 111/144/13 28/60/13
f 29/50/41 105/49/41 104/145/41 27/56/41
f 32/43/13 113/142/13 114/142/13 34/43/13
f 34/43/13 114/142/13 115/142/13 36/43/13
f 208/146/83 142/147/84 136/148/85 103/68/47 109/67/46
f 130/149/86 110/62/44 104/65/9 137/150/9
f 132/111/41 112/51/41 111/54/41 131/151/41
f 138/107/13 105/49/13 106/45/13 139/152/13
f 140/107/40 107/47/40 108/48/9 141/107/9
f 139/152/39 106/45/39 107/47/40 140/107/40
f 3/153/1 156/98/62 170/98/87 171/153/88
f 74/112/61 128/94/61 179/94/72 180/112/72
f 38/97/59 116/92/59 128/94/61 74/112/61
f 37/96/1 123/91/1 116/92/59 38/97/59
f 88/83/52 129/90/58 117/89/57 39/81/50
f 39/81/50 117/89/57 118/77/8 40/76/8
f 41/71/14 124/74/14 123/88/14 37/78/14
f 44/73/28 120/87/28 121/87/29 46/73/29
f 42/73/30 119/75/30 120/87/30 44/73/30
f 46/73/29 121/87/29 122/87/31 48/73/31
f 197/154/89 185/5/89 89/5/4 129/90/58 186/90/81
f 57/35/17 119/75/17 118/77/17 56/10/17
f 50/21/31 124/74/31 125/72/31 51/21/31
f 51/21/36 125/72/36 126/72/38 52/21/38
f 52/21/38 126/72/38 127/72/30 53/84/30
f 7/14/11 82/13/10 182/13/90 174/14/91
f 71/27/68 139/152/39 140/107/40 72/27/66
f 72/27/66 140/107/40 141/107/9 73/103/9
f 70/27/13 138/107/13 139/152/13 71/27/13
f 64/11/63 132/111/41 131/151/41 63/102/64
f 62/85/53 130/149/86 137/150/9 69/100/9
f 75/93/92 68/99/70 136/148/69 142/147/92
f 164/82/93 157/80/93 173/80/93 187/82/93
f 112/51/9 132/111/9 133/106/9 113/142/9
f 103/143/47 136/110/85 131/109/13 111/144/13
f 105/49/41 138/107/41 137/108/41 104/145/41
f 113/142/13 133/106/13 134/104/13 114/142/13
f 114/142/13 134/104/13 135/105/13 115/142/13
f 128/94/61 75/93/60 206/155/72 179/94/72
f 130/149/86 62/85/53 172/85/56 178/149/94
f 86/114/13 154/140/13 155/141/13 87/114/13
f 85/114/13 153/136/13 154/140/13 86/114/13
f 78/36/73 145/121/41 144/139/41 77/117/63
f 143/137/82 151/138/13 83/116/13
f 76/115/77 143/137/76 83/116/9
f 84/31/9 152/122/9 153/136/9 85/114/9
f 102/129/78 96/128/42 143/127/82 149/126/95
f 90/130/79 150/124/74 144/125/9 97/131/9
f 92/66/41 152/122/41 151/123/41 91/132/41
f 98/55/13 145/121/13 146/118/13 99/133/13
f 100/134/40 147/119/40 148/120/9 101/135/9
f 99/133/39 146/118/39 147/119/40 100/134/40
f 210/130/96 90/130/79 25/63/45 211/63/97 220/156/97 217/157/97
f 41/71/31 166/38/31 167/39/31 43/71/31
f 42/73/17 159/24/17 158/26/17 40/76/17
f 110/62/44 130/149/86 178/149/94 215/62/98
f 211/63/97 25/63/45 110/62/44 215/62/98 216/158/97 221/159/97
f 157/80/49 7/14/8 174/14/99 173/80/100
f 9/160/1 165/95/1 156/98/62 3/153/1
f 7/14/8 157/80/49 158/26/8 12/15/8
f 1/28/21 166/38/14 165/79/14 9/29/22
f 16/25/28 160/24/28 161/24/29 20/25/101
f 5/25/30 159/24/30 160/24/30 16/25/30
f 20/25/101 161/24/29 162/24/31 24/25/31
f 82/13/10 150/124/74 188/124/102 182/13/90
f 88/83/52 164/82/51 187/82/103 184/83/80
f 156/98/104 163/113/104 181/113/104 170/98/104
f 214/161/105 183/162/106 196/163/107 188/164/107 210/165/107
f 192/166/108 176/67/108 177/70/108 175/167/108
f 196/163/108 183/162/109 184/83/110 187/82/111
f 175/167/108 177/70/108 189/129/112 190/168/113
f 191/169/114 193/170/114 212/171/114
f 213/172/115 175/167/115 190/168/113 214/161/115
f 212/171/115 192/166/115 175/167/115 213/172/115
f 180/112/108 179/94/108 193/170/108 191/169/108
f 212/171/114 215/173/114 178/174/114 195/175/114 191/169/114
f 181/113/116 180/112/108 191/169/108 195/175/108
f 214/161/105 194/176/117 183/162/106
f 212/171/115 193/170/115 192/166/115
f 194/176/118 214/161/115 190/168/113
f 172/177/119 181/113/116 195/175/108 178/174/108
f 188/164/108 196/163/108 187/82/111 182/178/120
f 171/153/88 170/98/87 181/113/116 172/177/119
f 182/178/120 187/82/111 173/80/100 174/14/99
f 194/176/118 190/168/113 189/129/112 197/154/121 186/90/121 184/83/110 183/162/109
f 206/155/108 207/179/108 176/67/108 192/166/108 193/170/108 179/94/108
f 109/67/46 61/70/48 177/70/122 176/67/122
f 150/124/74 90/130/79 210/130/96 188/124/102
f 61/70/48 102/129/78 189/129/122 177/70/122
f 198/160/8 199/2/8 201/3/8 200/153/8
f 200/153/123 201/3/124 205/7/124 204/14/123
f 204/14/1 205/7/1 203/9/1 202/15/1
f 202/15/125 203/9/126 199/22/126 198/29/125
f 200/86/123 204/14/123 202/15/127 198/101/127
f 205/7/128 201/18/128 199/19/126 203/9/126
f 208/146/83 109/67/46 176/67/122 207/179/122 209/180/122
f 224/181/108 216/182/108 215/173/108 212/171/108 213/172/108 214/161/108 210/165/108 217/183/108 222/184/108 218/185/108 223/186/108 219/187/108
o Circle
v 0.000000 2.996779 -0.225982
v 0.012893 2.995509 -0.225978
v 0.025291 2.991748 -0.225966
v 0.036717 2.985641 -0.225946
v 0.046732 2.977422 -0.225919
v 0.054951 2.967407 -0.225886
v 0.061059 2.955981 -0.225849
v 0.064819 2.943583 -0.225809
v 0.066089 2.930690 -0.225767
v 0.064819 2.917797 -0.225725
v 0.061059 2.905399 -0.225685
v 0.054951 2.893973 -0.225648
v 0.046732 2.883958 -0.225615
v 0.036717 2.875739 -0.225589
v 0.025291 2.869632 -0.225569
v 0.012893 2.865871 -0.225556
v 0.000000 2.864601 -0.225552
v -0.012893 2.865871 -0.225556
v -0.025291 2.869632 -0.225569
v -0.036717 2.875739 -0.225589
v -0.046732 2.883958 -0.225615
v -0.054951 2.893973 -0.225648
v -0.061059 2.905399 -0.225685
v -0.064819 2.917797 -0.225725
v -0.066089 2.930690 -0.225767
v -0.064819 2.943583 -0.225809
v -0.061059 2.955981 -0.225849
v -0.054951 2.967407 -0.225886
v -0.046732 2.977422 -0.225919
v -0.036717 2.985641 -0.225946
v -0.025291 2.991748 -0.225966
v -0.012893 2.995509 -0.225978
v 0.000000 2.996779 -0.225982
v 0.012893 2.995509 -0.225978
v 0.025291 2.991748 -0.225966
v 0.036717 2.985641 -0.225946
v 0.046732 2.977422 -0.225919
v 0.054951 2.967407 -0.225886
v 0.061059 2.955981 -0.225849
v 0.064819 2.943583 -0.225809
v 0.066089 2.930690 -0.225767
v 0.064819 2.917797 -0.225725
v 0.061059 2.905399 -0.225685
v 0.054951 2.893973 -0.225648
v 0.046732 2.883958 -0.225615
v 0.036717 2.875739 -0.225589
v 0.025291 2.869632 -0.225569
v 0.012893 2.865871 -0.225556
v 0.000000 2.864601 -0.225552
v -0.012893 2.865871 -0.225556
v -0.025291 2.869632 -0.225569
v -0.036717 2.875739 -0.225589
v -0.046732 2.883958 -0.225615
v -0.054951 2.893973 -0.225648
v -0.061059 2.905399 -0.225685
v -0.064819 2.917797 -0.225725
v -0.066089 2.930690 -0.225767
v -0.064819 2.943583 -0.225809
v -0.061059 2.955981 -0.225849
v -0.054951 2.967407 -0.225886
v -0.046732 2.977422 -0.225919
v -0.036717 2.985641 -0.225946
v -0.025291 2.991748 -0.225966
v -0.012893 2.995509 -0.225978
vn -0.0000 0.0033 1.0000
vt 0.000000 0.000000
s 1
f 245/188/129 277/188/129 278/188/129 246/188/129
f 232/188/129 264/188/129 265/188/129 233/188/129
f 246/188/129 278/188/129 279/188/129 247/188/129
f 233/188/129 265/188/129 266/188/129 234/188/129
f 247/188/129 279/188/129 280/188/129 248/188/129
f 234/188/129 266/188/129 267/188/129 235/188/129
f 248/188/129 280/188/129 281/188/129 249/188/129
f 235/188/129 267/188/129 268/188/129 236/188/129
f 249/188/129 281/188/129 282/188/129 250/188/129
f 236/188/129 268/188/129 269/188/129 237/188/129
f 250/188/129 282/188/129 283/188/129 251/188/129
f 237/188/129 269/188/129 270/188/129 238/188/129
f 251/188/129 283/188/129 284/188/129 252/188/129
f 238/188/129 270/188/129 271/188/129 239/188/129
f 225/188/129 257/188/129 258/188/129 226/188/129
f 252/188/129 284/188/129 285/188/129 253/188/129
f 239/188/129 271/188/129 272/188/129 240/188/129
f 226/188/129 258/188/129 259/188/129 227/188/129
f 253/188/129 285/188/129 286/188/129 254/188/129
f 240/188/129 272/188/129 273/188/129 241/188/129
f 227/188/129 259/188/129 260/188/129 228/188/129
f 254/188/129 286/188/129 287/188/129 255/188/129
f 241/188/129 273/188/129 274/188/129 242/188/129
f 228/188/129 260/188/129 261/188/129 229/188/129
f 255/188/129 287/188/129 288/188/129 256/188/129
f 242/188/129 274/188/129 275/188/129 243/188/129
f 229/188/129 261/188/129 262/188/129 230/188/129
f 256/188/129 288/188/129 257/188/129 225/188/129
f 243/188/129 275/188/129 276/188/129 244/188/129
f 230/188/129 262/188/129 263/188/129 231/188/129
f 244/188/129 276/188/129 277/188/129 245/188/129
f 231/188/129 263/188/129 264/188/129 232/188/129
o Plane
v -0.121840 3.103906 -0.224212
v 0.062988 3.103906 -0.224212
v -0.121840 2.919106 -0.221041
v 0.062988 2.919106 -0.221041
vn -0.0000 -0.0172 -0.9999
vt 0.000000 0.000000
vt 1.000000 0.000000
vt 1.000000 1.000000
vt 0.000000 1.000000
s 1
usemtl Material.006
f 289/189/130 290/190/130 292/191/130 291/192/130
o Cylinder.001
v -0.023029 2.955173 -0.227464
v -0.023029 2.955247 -0.237363
v -0.015128 2.955951 -0.227458
v -0.015128 2.956024 -0.237357
v -0.007530 2.958253 -0.227441
v -0.007530 2.958327 -0.237340
v -0.000528 2.961991 -0.227413
v -0.000528 2.962065 -0.237312
v 0.005610 2.967022 -0.227376
v 0.005610 2.967096 -0.237274
v 0.010647 2.973152 -0.227330
v 0.010647 2.973226 -0.237229
v 0.014389 2.980146 -0.227278
v 0.014389 2.980220 -0.237176
v 0.016694 2.987736 -0.227221
v 0.016694 2.987809 -0.237120
v 0.017472 2.995628 -0.227162
v 0.017472 2.995702 -0.237061
v 0.016694 3.003520 -0.227104
v 0.016694 3.003594 -0.237002
v 0.014389 3.011109 -0.227047
v 0.014389 3.011183 -0.236946
v 0.010647 3.018103 -0.226995
v 0.010647 3.018177 -0.236894
v 0.005610 3.024233 -0.226949
v 0.005610 3.024307 -0.236848
v -0.000528 3.029264 -0.226912
v -0.000528 3.029338 -0.236810
v -0.007530 3.033003 -0.226884
v -0.007530 3.033077 -0.236783
v -0.015128 3.035305 -0.226867
v -0.015128 3.035378 -0.236765
v -0.023029 3.036082 -0.226861
v -0.023029 3.036156 -0.236760
v -0.030931 3.035305 -0.226867
v -0.030931 3.035378 -0.236765
v -0.038529 3.033003 -0.226884
v -0.038529 3.033077 -0.236783
v -0.045531 3.029264 -0.226912
v -0.045531 3.029338 -0.236810
v -0.051668 3.024233 -0.226949
v -0.051668 3.024307 -0.236848
v -0.056705 3.018103 -0.226995
v -0.056705 3.018177 -0.236894
v -0.060448 3.011109 -0.227047
v -0.060448 3.011183 -0.236946
v -0.062753 3.003520 -0.227104
v -0.062753 3.003594 -0.237002
v -0.063531 2.995628 -0.227162
v -0.063531 2.995702 -0.237061
v -0.062753 2.987736 -0.227221
v -0.062753 2.987809 -0.237120
v -0.060448 2.980146 -0.227278
v -0.060448 2.980220 -0.237176
v -0.056705 2.973152 -0.227330
v -0.056705 2.973226 -0.237229
v -0.051668 2.967022 -0.227376
v -0.051668 2.967096 -0.237274
v -0.045531 2.961991 -0.227413
v -0.045531 2.962065 -0.237312
v -0.038529 2.958253 -0.227441
v -0.038529 2.958327 -0.237340
v -0.030931 2.955951 -0.227458
v -0.030931 2.956024 -0.237357
vn -0.0000 -1.0000 -0.0075
vn 0.1949 -0.9808 -0.0073
vn 0.3823 -0.9240 -0.0069
vn 0.5551 -0.8317 -0.0062
vn 0.7067 -0.7075 -0.0053
vn 0.8312 -0.5560 -0.0041
vn 0.9237 -0.3830 -0.0029
vn 0.9807 -0.1953 -0.0015
vn 1.0000 -0.0000 -0.0000
vn 0.9807 0.1953 0.0015
vn 0.9237 0.3830 0.0029
vn 0.8312 0.5560 0.0041
vn 0.7067 0.7075 0.0053
vn 0.5551 0.8317 0.0062
vn 0.3823 0.9240 0.0069
vn 0.1949 0.9808 0.0073
vn -0.0000 1.0000 0.0075
vn -0.1949 0.9808 0.0073
vn -0.3823 0.9240 0.0069
vn -0.5551 0.8317 0.0062
vn -0.7067 0.7075 0.0053
vn -0.8312 0.5560 0.0041
vn -0.9237 0.3830 0.0029
vn -0.9807 0.1953 0.0015
vn -1.0000 -0.0000 -0.0000
vn -0.9807 -0.1953 -0.0015
vn -0.9237 -0.3830 -0.0029
vn -0.8312 -0.5560 -0.0041
vn -0.7067 -0.7075 -0.0053
vn -0.5551 -0.8317 -0.0062
vn -0.3823 -0.9240 -0.0069
vn -0.0000 0.0075 -1.0000
vn -0.1949 -0.9808 -0.0073
vn -0.0000 -0.0075 1.0000
vt 1.000000 0.500000
vt 1.000000 1.000000
vt 0.968750 1.000000
vt 0.968750 0.500000
vt 0.937500 1.000000
vt 0.937500 0.500000
vt 0.906250 1.000000
vt 0.906250 0.500000
vt 0.875000 1.000000
vt 0.875000 0.500000
vt 0.843750 1.000000
vt 0.843750 0.500000
vt 0.812500 1.000000
vt 0.812500 0.500000
vt 0.781250 1.000000
vt 0.781250 0.500000
vt 0.750000 1.000000
vt 0.750000 0.500000
vt 0.718750 1.000000
vt 0.718750 0.500000
vt 0.687500 1.000000
vt 0.687500 0.500000
vt 0.656250 1.000000
vt 0.656250 0.500000
vt 0.625000 1.000000
vt 0.625000 0.500000
vt 0.593750 1.000000
vt 0.593750 0.500000
vt 0.562500 1.000000
vt 0.562500 0.500000
vt 0.531250 1.000000
vt 0.531250 0.500000
vt 0.500000 1.000000
vt 0.500000 0.500000
vt 0.468750 1.000000
vt 0.468750 0.500000
vt 0.437500 1.000000
vt 0.437500 0.500000
vt 0.406250 1.000000
vt 0.406250 0.500000
vt 0.375000 1.000000
vt 0.375000 0.500000
vt 0.343750 1.000000
vt 0.343750 0.500000
vt 0.312500 1.000000
vt 0.312500 0.500000
vt 0.281250 1.000000
vt 0.281250 0.500000
vt 0.250000 1.000000
vt 0.250000 0.500000
vt 0.218750 1.000000
vt 0.218750 0.500000
vt 0.187500 1.000000
vt 0.187500 0.500000
vt 0.156250 1.000000
vt 0.156250 0.500000
vt 0.125000 1.000000
vt 0.125000 0.500000
vt 0.093750 1.000000
vt 0.093750 0.500000
vt 0.062500 1.000000
vt 0.062500 0.500000
vt 0.296822 0.485388
vt 0.250000 0.490000
vt 0.203178 0.485388
vt 0.158156 0.471731
vt 0.116663 0.449553
vt 0.080294 0.419706
vt 0.050447 0.383337
vt 0.028269 0.341844
vt 0.014612 0.296822
vt 0.010000 0.250000
vt 0.014612 0.203178
vt 0.028269 0.158156
vt 0.050447 0.116663
vt 0.080294 0.080294
vt 0.116663 0.050447
vt 0.158156 0.028269
vt 0.203178 0.014612
vt 0.250000 0.010000
vt 0.296822 0.014612
vt 0.341844 0.028269
vt 0.383337 0.050447
vt 0.419706 0.080294
vt 0.449553 0.116663
vt 0.471731 0.158156
vt 0.485388 0.203178
vt 0.490000 0.250000
vt 0.485388 0.296822
vt 0.471731 0.341844
vt 0.449553 0.383337
vt 0.419706 0.419706
vt 0.383337 0.449553
vt 0.341844 0.471731
vt 0.031250 1.000000
vt 0.031250 0.500000
vt 0.000000 1.000000
vt 0.000000 0.500000
vt 0.750000 0.490000
vt 0.796822 0.485388
vt 0.841844 0.471731
vt 0.883337 0.449553
vt 0.919706 0.419706
vt 0.949553 0.383337
vt 0.971731 0.341844
vt 0.985388 0.296822
vt 0.990000 0.250000
vt 0.985388 0.203178
vt 0.971731 0.158156
vt 0.949553 0.116663
vt 0.919706 0.080294
vt 0.883337 0.050447
vt 0.841844 0.028269
vt 0.796822 0.014612
vt 0.750000 0.010000
vt 0.703178 0.014612
vt 0.658156 0.028269
vt 0.616663 0.050447
vt 0.580294 0.080294
vt 0.550447 0.116663
vt 0.528269 0.158156
vt 0.514612 0.203178
vt 0.510000 0.250000
vt 0.514612 0.296822
vt 0.528269 0.341844
vt 0.550447 0.383337
vt 0.580294 0.419706
vt 0.616663 0.449553
vt 0.658156 0.471731
vt 0.703178 0.485388
s 1
usemtl Material.007
f 293/193/131 294/194/131 296/195/132 295/196/132
f 295/196/132 296/195/132 298/197/133 297/198/133
f 297/198/133 298/197/133 300/199/134 299/200/134
f 299/200/134 300/199/134 302/201/135 301/202/135
f 301/202/135 302/201/135 304/203/136 303/204/136
f 303/204/136 304/203/136 306/205/137 305/206/137
f 305/206/137 306/205/137 308/207/138 307/208/138
f 307/208/138 308/207/138 310/209/139 309/210/139
f 309/210/139 310/209/139 312/211/140 311/212/140
f 311/212/140 312/211/140 314/213/141 313/214/141
f 313/214/141 314/213/141 316/215/142 315/216/142
f 315/216/142 316/215/142 318/217/143 317/218/143
f 317/218/143 318/217/143 320/219/144 319/220/144
f 319/220/144 320/219/144 322/221/145 321/222/145
f 321/222/145 322/221/145 324/223/146 323/224/146
f 323/224/146 324/223/146 326/225/147 325/226/147
f 325/226/147 326/225/147 328/227/148 327/228/148
f 327/228/148 328/227/148 330/229/149 329/230/149
f 329/230/149 330/229/149 332/231/150 331/232/150
f 331/232/150 332/231/150 334/233/151 333/234/151
f 333/234/151 334/233/151 336/235/152 335/236/152
f 335/236/152 336/235/152 338/237/153 337/238/153
f 337/238/153 338/237/153 340/239/154 339/240/154
f 339/240/154 340/239/154 342/241/155 341/242/155
f 341/242/155 342/241/155 344/243/156 343/244/156
f 343/244/156 344/243/156 346/245/157 345/246/157
f 345/246/157 346/245/157 348/247/158 347/248/158
f 347/248/158 348/247/158 350/249/159 349/250/159
f 349/250/159 350/249/159 352/251/160 351/252/160
f 351/252/160 352/251/160 354/253/161 353/254/161
f 296/255/162 294/256/162 356/257/162 354/258/162 352/259/162 350/260/162 348/261/162 346/262/162 344/263/162 342/264/162 340/265/162 338/266/162 336/267/162 334/268/162 332/269/162 330/270/162 328/271/162 326/272/162 324/273/162 322/274/162 320/275/162 318/276/162 316/277/162 314/278/162 312/279/162 310/280/162 308/281/162 306/282/162 304/283/162 302/284/162 300/285/162 298/286/162
f 353/254/161 354/253/161 356/287/163 355/288/163
f 355/288/163 356/287/163 294/289/131 293/290/131
f 293/291/164 295/292/164 297/293/164 299/294/164 301/295/164 303/296/164 305/297/164 307/298/164 309/299/164 311/300/164 313/301/164 315/302/164 317/303/164 319/304/164 321/305/164 323/306/164 325/307/164 327/308/164 329/309/164 331/310/164 333/311/164 335/312/164 337/313/164 339/314/164 341/315/164 343/316/164 345/317/164 347/318/164 349/319/164 351/320/164 353/321/164 355/322/164
o Plane.001
v 0.240916 2.334696 -0.220929
v -0.258179 2.334696 -0.220929
v 0.240916 2.487210 -0.218769
v -0.258179 2.487210 -0.218769
vn -0.0000 -0.0142 0.9999
vt 0.000000 0.000000
vt 1.000000 0.000000
vt 1.000000 1.000000
vt 0.000000 1.000000
s 1
usemtl Material.009
f 357/323/165 359/326/165 360/325/165 358/324/165
o Plane.002
v 0.193029 2.344676 -0.236046
v -0.202331 2.344676 -0.236046
v 0.193029 2.463483 -0.234363
v -0.202331 2.463483 -0.234363
vn -0.0000 -0.0142 0.9999
vt 0.000000 0.000000
vt 1.000000 0.000000
vt 1.000000 1.000000
vt 0.000000 1.000000
s 1
usemtl Material.008
f 361/327/166 363/330/166 364/329/166 362/328/166
o Cube.002
v 1.286596 2.126240 -0.183224
v 1.267399 2.330626 -0.002982
v 1.286596 2.131611 -0.195892
v 1.267399 2.335886 -0.042869
v 1.310033 2.126240 -0.183224
v 1.337663 2.330626 -0.002982
v 1.310033 2.131611 -0.195892
v 1.337663 2.335886 -0.042869
vn -0.9966 -0.0804 -0.0163
vn -0.0000 0.5995 -0.8003
vn 0.9931 -0.1153 -0.0233
vn -0.0000 -0.6614 0.7500
vn -0.0000 -0.9207 -0.3903
vn -0.0000 0.9914 0.1307
vt 0.375000 0.000000
vt 0.625000 0.000000
vt 0.625000 0.250000
vt 0.375000 0.250000
vt 0.625000 0.500000
vt 0.375000 0.500000
vt 0.625000 0.750000
vt 0.375000 0.750000
vt 0.625000 1.000000
vt 0.375000 1.000000
vt 0.125000 0.500000
vt 0.125000 0.750000
vt 0.875000 0.500000
vt 0.875000 0.750000
s 1
usemtl Material.011
f 365/331/167 366/332/167 368/333/167 367/334/167
f 367/334/168 368/333/168 372/335/168 371/336/168
f 371/336/169 372/335/169 370/337/169 369/338/169
f 369/338/170 370/337/170 366/339/170 365/340/170
f 367/341/171 371/336/171 369/338/171 365/342/171
f 372/335/172 368/343/172 366/344/172 370/337/172
o Cube.003
v 1.306399 2.126206 0.168841
v 1.335853 2.330633 -0.009965
v 1.305675 2.131574 0.181489
v 1.333575 2.335884 0.029858
v 1.282999 2.126206 0.167502
v 1.265703 2.330633 -0.013977
v 1.282276 2.131574 0.180151
v 1.263426 2.335884 0.025846
vn 0.9941 -0.0804 0.0731
vn -0.0457 0.5994 0.7992
vn -0.9928 -0.1153 -0.0335
vn 0.0428 -0.6612 -0.7489
vn -0.0223 -0.9208 0.3895
vn 0.0075 0.9914 -0.1303
vt 0.375000 0.000000
vt 0.625000 0.000000
vt 0.625000 0.250000
vt 0.375000 0.250000
vt 0.625000 0.500000
vt 0.375000 0.500000
vt 0.625000 0.750000
vt 0.375000 0.750000
vt 0.625000 1.000000
vt 0.375000 1.000000
vt 0.125000 0.500000
vt 0.125000 0.750000
vt 0.875000 0.500000
vt 0.875000 0.750000
s 1
usemtl Material.012
f 373/345/173 374/346/173 376/347/173 375/348/173
f 375/348/174 376/347/174 380/349/174 379/350/174
f 379/350/175 380/349/175 378/351/175 377/352/175
f 377/352/176 378/351/176 374/353/176 373/354/176
f 375/355/177 379/350/177 377/352/177 373/356/177
f 380/349/178 376/357/178 374/358/178 378/351/178
o Cube.004
v -1.275965 2.126240 -0.183224
v -1.295161 2.330626 -0.002982
v -1.275965 2.131611 -0.195892
v -1.295161 2.335886 -0.042869
v -1.252527 2.126240 -0.183224
v -1.224897 2.330626 -0.002982
v -1.252527 2.131611 -0.195892
v -1.224897 2.335886 -0.042869
vn -0.9966 -0.0804 -0.0163
vn -0.0000 0.5995 -0.8003
vn 0.9931 -0.1153 -0.0233
vn -0.0000 -0.6614 0.7500
vn -0.0000 -0.9207 -0.3903
vn -0.0000 0.9914 0.1307
vt 0.375000 0.000000
vt 0.625000 0.000000
vt 0.625000 0.250000
vt 0.375000 0.250000
vt 0.625000 0.500000
vt 0.375000 0.500000
vt 0.625000 0.750000
vt 0.375000 0.750000
vt 0.625000 1.000000
vt 0.375000 1.000000
vt 0.125000 0.500000
vt 0.125000 0.750000
vt 0.875000 0.500000
vt 0.875000 0.750000
s 1
usemtl Material.013
f 381/359/179 382/360/179 384/361/179 383/362/179
f 383/362/180 384/361/180 388/363/180 387/364/180
f 387/364/181 388/363/181 386/365/181 385/366/181
f 385/366/182 386/365/182 382/367/182 381/368/182
f 383/369/183 387/364/183 385/366/183 381/370/183
f 388/363/184 384/371/184 382/372/184 386/365/184
o Cube.005
v -1.265425 2.126206 0.168841
v -1.235971 2.330633 -0.009965
v -1.266149 2.131574 0.181489
v -1.238249 2.335884 0.029858
v -1.288825 2.126206 0.167502
v -1.306121 2.330633 -0.013977
v -1.289548 2.131574 0.180151
v -1.308398 2.335884 0.025846
vn 0.9941 -0.0804 0.0731
vn -0.0457 0.5994 0.7992
vn -0.9928 -0.1153 -0.0335
vn 0.0428 -0.6612 -0.7489
vn -0.0223 -0.9208 0.3895
vn 0.0075 0.9914 -0.1303
vt 0.375000 0.000000
vt 0.625000 0.000000
vt 0.625000 0.250000
vt 0.375000 0.250000
vt 0.625000 0.500000
vt 0.375000 0.500000
vt 0.625000 0.750000
vt 0.375000 0.750000
vt 0.625000 1.000000
vt 0.375000 1.000000
vt 0.125000 0.500000
vt 0.125000 0.750000
vt 0.875000 0.500000
vt 0.875000 0.750000
s 1
usemtl Material.014
f 389/373/185 390/374/185 392/375/185 391/376/185
f 391/376/186 392/375/186 396/377/186 395/378/186
f 395/378/187 396/377/187 394/379/187 393/380/187
f 393/380/188 394/379/188 390/381/188 389/382/188
f 391/383/189 395/378/189 393/380/189 389/384/189
f 396/377/190 392/385/190 390/386/190 394/379/190
o Cube.001
v -0.041879 2.125133 -0.497290
v -0.052240 2.451115 -0.230929
v 0.051350 2.126703 -0.492823
v 0.027768 2.452463 -0.227579
v -0.043145 2.125111 -0.472546
v -0.054379 2.416013 -0.225753
v 0.050084 2.126682 -0.468079
v 0.025629 2.417361 -0.222403
vn 0.0243 0.6326 -0.7741
vn 0.9946 -0.0083 0.1035
vn -0.0094 -0.8500 0.5266
vn -0.0235 -0.6469 0.7622
vn -0.0066 -0.8802 0.4745
vn -0.9965 0.0301 -0.0781
vn 0.0168 -0.9999 -0.0000
vn -0.0439 0.1484 0.9880
vt 0.375000 0.000000
vt 0.625000 0.000000
vt 0.625000 0.250000
vt 0.375000 0.250000
vt 0.625000 0.500000
vt 0.375000 0.500000
vt 0.625000 0.750000
vt 0.375000 0.750000
vt 0.625000 1.000000
vt 0.375000 1.000000
vt 0.125000 0.500000
vt 0.125000 0.750000
vt 0.875000 0.500000
vt 0.875000 0.750000
s 1
usemtl Material.010
f 397/387/191 398/388/191 400/389/191 399/390/191
f 399/390/192 400/389/192 404/391/192 403/392/192
f 403/392/193 404/391/194 402/393/194 401/394/195
f 401/394/196 402/393/196 398/395/196 397/396/196
f 399/397/197 403/392/193 401/394/195 397/398/197
f 404/391/198 400/399/198 398/400/198 402/393/198
o Plane.003
v -1.562835 2.348281 0.022859
v 1.569877 2.348281 0.022859
v -1.562835 3.923607 0.018042
v 1.569877 3.923607 0.018042
vn -0.0000 0.0031 1.0000
vt 0.000000 0.000000
vt 1.000000 0.000000
vt 1.000000 1.000000
vt 0.000000 1.000000
s 1
usemtl Material.015
f 405/401/199 406/402/199 408/403/199 407/404/199
o Cube.006
v -1.959624 1.155804 0.899305
v -1.959624 2.067216 0.899305
v -2.048696 1.071704 -0.629273
v -2.048696 2.125626 -0.629273
v 1.928411 1.155804 0.899305
v 1.928411 2.067216 0.899305
v 2.017483 1.071704 -0.629273
v 2.017483 2.125626 -0.629273
v -2.048696 1.071704 0.899305
v -2.048696 2.125626 0.899305
v 2.017483 2.125626 0.899305
v 2.017483 1.071704 0.899305
v -1.959624 1.155804 -0.543332
v -1.959624 2.067216 -0.543332
v 1.928411 2.067216 -0.543332
v 1.928411 1.155804 -0.543332
vn -1.0000 -0.0000 -0.0000
vn -0.0000 -0.0000 -1.0000
vn 1.0000 -0.0000 -0.0000
vn -0.0000 -1.0000 -0.0000
vn -0.0000 1.0000 -0.0000
vn -0.0000 -0.0000 1.0000
vt 0.644750 0.727186
vt 0.427843 0.727186
vt 0.420461 0.634549
vt 0.628755 0.639470
vt -0.005619 0.367380
vt -0.002281 0.635896
vt 0.977741 0.601684
vt 0.984185 0.395238
vt 0.375000 0.500000
vt 0.625000 0.500000
vt 0.625000 0.750000
vt 0.375000 0.750000
vt 0.619524 0.755476
vt 0.619524 0.930543
vt 0.619524 0.950230
vt 0.125000 0.500000
vt 0.125000 0.750000
vt 0.563480 0.623039
vt 0.572324 0.736235
vt 0.316402 0.732774
vt 0.311250 0.619578
vt 0.289427 0.640171
vt 0.307004 0.278436
vt 0.541333 0.283912
vt 0.414373 0.650569
vt 0.380476 0.755476
vt 0.380476 0.844416
vt 0.375000 0.835128
vt 0.422661 0.888710
vt 0.518632 0.356829
vt 0.597931 0.405490
vt 0.494578 0.899108
vt 0.619524 0.832112
vt 0.380476 0.846877
vt 0.215604 0.859181
vt 0.209452 0.755476
vt 0.715143 0.755476
vt 0.705300 0.851798
vt 0.380476 0.962533
vt 0.380476 0.955151
s 1
usemtl Material.027
f 417/405/200 418/406/200 412/407/200 411/408/200
f 411/409/201 412/410/201 416/411/201 415/412/201
f 415/413/202 416/414/202 419/415/202 420/416/202
f 414/417/203 410/418/203 422/419/203 423/417/203
f 411/420/203 415/413/203 420/416/203 417/421/203
f 416/422/204 412/423/204 418/424/204 419/425/204
f 409/426/205 410/427/205 418/428/205 417/429/205
f 414/417/205 413/430/205 420/416/205 419/415/205
f 413/430/205 409/431/205 417/432/205 420/416/205
f 410/433/205 414/434/205 419/435/205 418/436/205
f 424/430/205 423/417/205 422/437/205 421/438/205
f 413/430/200 414/417/200 423/417/200 424/430/200
f 409/439/204 413/440/204 424/441/204 421/442/204
f 410/418/202 409/443/202 421/444/202 422/419/202
o Cube.007
v 0.697397 1.129750 0.869743
v 0.697397 2.058870 0.869743
v 0.697397 1.129750 -0.520058
v 0.697397 2.058870 -0.520058
v 0.734441 1.129750 0.869743
v 0.734441 2.058870 0.869743
v 0.734441 1.129750 -0.520058
v 0.734441 2.058870 -0.520058
vn -1.0000 -0.0000 -0.0000
vn -0.0000 -0.0000 -1.0000
vn 1.0000 -0.0000 -0.0000
vn -0.0000 -0.0000 1.0000
vn -0.0000 -1.0000 -0.0000
vn -0.0000 1.0000 -0.0000
vt 0.375000 0.000000
vt 0.625000 0.000000
vt 0.625000 0.250000
vt 0.375000 0.250000
vt 0.625000 0.500000
vt 0.375000 0.500000
vt 0.625000 0.750000
vt 0.375000 0.750000
vt 0.625000 1.000000
vt 0.375000 1.000000
vt 0.125000 0.500000
vt 0.125000 0.750000
vt 0.875000 0.500000
vt 0.875000 0.750000
s 1
usemtl Material.029
f 425/445/206 426/446/206 428/447/206 427/448/206
f 427/448/207 428/447/207 432/449/207 431/450/207
f 431/450/208 432/449/208 430/451/208 429/452/208
f 429/452/209 430/451/209 426/453/209 425/454/209
f 427/455/210 431/450/210 429/452/210 425/456/210
f 432/449/211 428/457/211 426/458/211 430/451/211
o Cube.008
v -0.767273 1.130613 0.870331
v -0.767273 2.059732 0.870331
v -0.767273 1.130613 -0.519470
v -0.767273 2.059732 -0.519470
v -0.730228 1.130613 0.870331
v -0.730228 2.059732 0.870331
v -0.730228 1.130613 -0.519470
v -0.730228 2.059732 -0.519470
vn -1.0000 -0.0000 -0.0000
vn -0.0000 -0.0000 -1.0000
vn 1.0000 -0.0000 -0.0000
vn -0.0000 -0.0000 1.0000
vn -0.0000 -1.0000 -0.0000
vn -0.0000 1.0000 -0.0000
vt 0.375000 0.000000
vt 0.625000 0.000000
vt 0.625000 0.250000
vt 0.375000 0.250000
vt 0.625000 0.500000
vt 0.375000 0.500000
vt 0.625000 0.750000
vt 0.375000 0.750000
vt 0.625000 1.000000
vt 0.375000 1.000000
vt 0.125000 0.500000
vt 0.125000 0.750000
vt 0.875000 0.500000
vt 0.875000 0.750000
s 1
usemtl Material.026
f 433/459/212 434/460/212 436/461/212 435/462/212
f 435/462/213 436/461/213 440/463/213 439/464/213
f 439/464/214 440/463/214 438/465/214 437/466/214
f 437/466/215 438/465/215 434/467/215 433/468/215
f 435/469/216 439/464/216 437/466/216 433/470/216
f 440/463/217 436/471/217 434/472/217 438/465/217
o Cube.009
v 0.719087 1.163309 0.841723
v 0.715375 2.092421 0.841702
v 1.942155 1.168195 0.848720
v 1.938443 2.097307 0.848699
v 0.718875 1.163309 0.878767
v 0.715163 2.092421 0.878745
v 1.941943 1.168195 0.885764
v 1.938231 2.097307 0.885743
vn 0.0057 -0.0000 -1.0000
vn 1.0000 0.0040 0.0057
vn -0.0057 -0.0000 1.0000
vn -1.0000 -0.0040 -0.0057
vn 0.0040 -1.0000 -0.0000
vn -0.0040 1.0000 -0.0000
vt 0.375000 0.000000
vt 0.625000 0.000000
vt 0.625000 0.250000
vt 0.375000 0.250000
vt 0.625000 0.500000
vt 0.375000 0.500000
vt 0.625000 0.730469
vt 0.375000 0.726562
vt 0.625000 1.000000
vt 0.375000 1.000000
vt 0.125000 0.500000
vt 0.125000 0.722656
vt 0.875000 0.500000
vt 0.875000 0.726562
s 1
usemtl Material.028
f 441/473/218 442/474/218 444/475/218 443/476/218
f 443/476/219 444/475/219 448/477/219 447/478/219
f 447/478/220 448/477/220 446/479/220 445/480/220
f 445/480/221 446/479/221 442/481/221 441/482/221
f 443/483/222 447/478/222 445/480/222 441/484/222
f 448/477/223 444/485/223 442/486/223 446/479/223
o Cube.010
v -1.972197 1.124693 0.853695
v -1.975909 2.053805 0.853673
v -0.749129 1.129580 0.860692
v -0.752840 2.058692 0.860671
v -1.972409 1.124693 0.890738
v -1.976120 2.053805 0.890717
v -0.749340 1.129580 0.897736
v -0.753052 2.058692 0.897714
vn 0.0057 -0.0000 -1.0000
vn 1.0000 0.0040 0.0057
vn -0.0057 -0.0000 1.0000
vn -1.0000 -0.0040 -0.0057
vn 0.0040 -1.0000 -0.0000
vn -0.0040 1.0000 -0.0000
vt 0.375000 0.000000
vt 0.625000 0.000000
vt 0.625000 0.250000
vt 0.375000 0.250000
vt 0.625000 0.500000
vt 0.375000 0.500000
vt 0.625000 0.734375
vt 0.375000 0.722656
vt 0.375000 0.750000
vt 0.625000 0.750000
vt 0.625000 1.000000
vt 0.375000 1.000000
vt 0.125000 0.500000
vt 0.125000 0.750000
vt 0.875000 0.500000
vt 0.875000 0.750000
s 1
usemtl Material.020
f 449/487/224 450/488/224 452/489/224 451/490/224
f 451/490/225 452/489/225 456/491/225 455/492/225
f 455/492/226 456/491/226 454/493/226 453/494/226
f 453/495/227 454/496/227 450/497/227 449/498/227
f 451/499/228 455/492/228 453/495/228 449/500/228
f 456/491/229 452/501/229 450/502/229 454/496/229
o Cylinder.002
v -0.879684 1.479084 0.955990
v -0.879684 1.867976 0.955990
v -0.872089 1.479084 0.956784
v -0.872089 1.867976 0.956784
v -0.864786 1.479084 0.959135
v -0.864786 1.867976 0.959135
v -0.858055 1.479084 0.962953
v -0.858055 1.867976 0.962953
v -0.852156 1.479084 0.968091
v -0.852156 1.867976 0.968091
v -0.847314 1.479084 0.974352
v -0.847314 1.867976 0.974352
v -0.843717 1.479084 0.981495
v -0.843717 1.867976 0.981495
v -0.841501 1.479084 0.989245
v -0.841501 1.867976 0.989245
v -0.840753 1.479084 0.997305
v -0.840753 1.867976 0.997305
v -0.841501 1.479084 1.005365
v -0.841501 1.867976 1.005365
v -0.843717 1.479084 1.013116
v -0.843717 1.867976 1.013116
v -0.847314 1.479084 1.020258
v -0.847314 1.867976 1.020258
v -0.852156 1.479084 1.026519
v -0.852156 1.867976 1.026519
v -0.858055 1.479084 1.031657
v -0.858055 1.867976 1.031657
v -0.864786 1.479084 1.035475
v -0.864786 1.867976 1.035475
v -0.872089 1.479084 1.037826
v -0.872089 1.867976 1.037826
v -0.879684 1.479084 1.038620
v -0.879684 1.867976 1.038620
v -0.887279 1.479084 1.037826
v -0.887279 1.867976 1.037826
v -0.894582 1.479084 1.035475
v -0.894582 1.867976 1.035475
v -0.901312 1.479084 1.031657
v -0.901312 1.867976 1.031657
v -0.907212 1.479084 1.026519
v -0.907212 1.867976 1.026519
v -0.912053 1.479084 1.020258
v -0.912053 1.867976 1.020258
v -0.915651 1.479084 1.013116
v -0.915651 1.867976 1.013116
v -0.917866 1.479084 1.005365
v -0.917866 1.867976 1.005365
v -0.918614 1.479084 0.997305
v -0.918614 1.867976 0.997305
v -0.917866 1.479084 0.989245
v -0.917866 1.867976 0.989245
v -0.915651 1.479084 0.981495
v -0.915651 1.867976 0.981495
v -0.912053 1.479084 0.974352
v -0.912053 1.867976 0.974352
v -0.907212 1.479084 0.968091
v -0.907212 1.867976 0.968091
v -0.901312 1.479084 0.962953
v -0.901312 1.867976 0.962953
v -0.894582 1.479084 0.959135
v -0.894582 1.867976 0.959135
v -0.887279 1.479084 0.956784
v -0.887279 1.867976 0.956784
vn -0.0000 -0.0000 -1.0000
vn 0.2065 -0.0000 -0.9784
vn 0.4024 -0.0000 -0.9155
vn 0.5784 -0.0000 -0.8157
vn 0.7278 -0.0000 -0.6858
vn 0.8462 -0.0000 -0.5328
vn 0.9316 -0.0000 -0.3636
vn 0.9829 -0.0000 -0.1842
vn 1.0000 -0.0000 -0.0000
vn 0.9829 -0.0000 0.1842
vn 0.9316 -0.0000 0.3636
vn 0.8462 -0.0000 0.5328
vn 0.7278 -0.0000 0.6858
vn 0.5784 -0.0000 0.8157
vn 0.4024 -0.0000 0.9155
vn 0.2065 -0.0000 0.9784
vn -0.0000 -0.0000 1.0000
vn -0.2065 -0.0000 0.9784
vn -0.4024 -0.0000 0.9155
vn -0.5784 -0.0000 0.8157
vn -0.7278 -0.0000 0.6858
vn -0.8462 -0.0000 0.5328
vn -0.9316 -0.0000 0.3636
vn -0.9829 -0.0000 0.1842
vn -1.0000 -0.0000 -0.0000
vn -0.9829 -0.0000 -0.1842
vn -0.9316 -0.0000 -0.3636
vn -0.8462 -0.0000 -0.5328
vn -0.7278 -0.0000 -0.6858
vn -0.5784 -0.0000 -0.8157
vn -0.4024 -0.0000 -0.9155
vn -0.0000 1.0000 -0.0000
vn -0.2065 -0.0000 -0.9784
vn -0.0000 -1.0000 -0.0000
vt 1.000000 0.500000
vt 1.000000 1.000000
vt 0.968750 1.000000
vt 0.968750 0.500000
vt 0.937500 1.000000
vt 0.937500 0.500000
vt 0.906250 1.000000
vt 0.906250 0.500000
vt 0.875000 1.000000
vt 0.875000 0.500000
vt 0.843750 1.000000
vt 0.843750 0.500000
vt 0.812500 1.000000
vt 0.812500 0.500000
vt 0.781250 1.000000
vt 0.781250 0.500000
vt 0.750000 1.000000
vt 0.750000 0.500000
vt 0.718750 1.000000
vt 0.718750 0.500000
vt 0.687500 1.000000
vt 0.687500 0.500000
vt 0.656250 1.000000
vt 0.656250 0.500000
vt 0.625000 1.000000
vt 0.625000 0.500000
vt 0.593750 1.000000
vt 0.593750 0.500000
vt 0.562500 1.000000
vt 0.562500 0.500000
vt 0.531250 1.000000
vt 0.531250 0.500000
vt 0.500000 1.000000
vt 0.500000 0.500000
vt 0.468750 1.000000
vt 0.468750 0.500000
vt 0.437500 1.000000
vt 0.437500 0.500000
vt 0.406250 1.000000
vt 0.406250 0.500000
vt 0.375000 1.000000
vt 0.375000 0.500000
vt 0.343750 1.000000
vt 0.343750 0.500000
vt 0.312500 1.000000
vt 0.312500 0.500000
vt 0.281250 1.000000
vt 0.281250 0.500000
vt 0.250000 1.000000
vt 0.250000 0.500000
vt 0.218750 1.000000
vt 0.218750 0.500000
vt 0.187500 1.000000
vt 0.187500 0.500000
vt 0.156250 1.000000
vt 0.156250 0.500000
vt 0.125000 1.000000
vt 0.125000 0.500000
vt 0.093750 1.000000
vt 0.093750 0.500000
vt 0.062500 1.000000
vt 0.062500 0.500000
vt 0.296822 0.485388
vt 0.250000 0.490000
vt 0.203178 0.485388
vt 0.158156 0.471731
vt 0.116663 0.449553
vt 0.080294 0.419706
vt 0.050447 0.383337
vt 0.028269 0.341844
vt 0.014612 0.296822
vt 0.010000 0.250000
vt 0.014612 0.203178
vt 0.028269 0.158156
vt 0.050447 0.116663
vt 0.080294 0.080294
vt 0.116663 0.050447
vt 0.158156 0.028269
vt 0.203178 0.014612
vt 0.250000 0.010000
vt 0.296822 0.014612
vt 0.341844 0.028269
vt 0.383337 0.050447
vt 0.419706 0.080294
vt 0.449553 0.116663
vt 0.471731 0.158156
vt 0.485388 0.203178
vt 0.490000 0.250000
vt 0.485388 0.296822
vt 0.471731 0.341844
vt 0.449553 0.383337
vt 0.419706 0.419706
vt 0.383337 0.449553
vt 0.341844 0.471731
vt 0.031250 1.000000
vt 0.031250 0.500000
vt 0.000000 1.000000
vt 0.000000 0.500000
vt 0.750000 0.490000
vt 0.796822 0.485388
vt 0.841844 0.471731
vt 0.883337 0.449553
vt 0.919706 0.419706
vt 0.949553 0.383337
vt 0.971731 0.341844
vt 0.985388 0.296822
vt 0.990000 0.250000
vt 0.985388 0.203178
vt 0.971731 0.158156
vt 0.949553 0.116663
vt 0.919706 0.080294
vt 0.883337 0.050447
vt 0.841844 0.028269
vt 0.796822 0.014612
vt 0.750000 0.010000
vt 0.703178 0.014612
vt 0.658156 0.028269
vt 0.616663 0.050447
vt 0.580294 0.080294
vt 0.550447 0.116663
vt 0.528269 0.158156
vt 0.514612 0.203178
vt 0.510000 0.250000
vt 0.514612 0.296822
vt 0.528269 0.341844
vt 0.550447 0.383337
vt 0.580294 0.419706
vt 0.616663 0.449553
vt 0.658156 0.471731
vt 0.703178 0.485388
s 1
usemtl Material.019
f 457/503/230 458/504/230 460/505/231 459/506/231
f 459/506/231 460/505/231 462/507/232 461/508/232
f 461/508/232 462/507/232 464/509/233 463/510/233
f 463/510/233 464/509/233 466/511/234 465/512/234
f 465/512/234 466/511/234 468/513/235 467/514/235
f 467/514/235 468/513/235 470/515/236 469/516/236
f 469/516/236 470/515/236 472/517/237 471/518/237
f 471/518/237 472/517/237 474/519/238 473/520/238
f 473/520/238 474/519/238 476/521/239 475/522/239
f 475/522/239 476/521/239 478/523/240 477/524/240
f 477/524/240 478/523/240 480/525/241 479/526/241
f 479/526/241 480/525/241 482/527/242 481/528/242
f 481/528/242 482/527/242 484/529/243 483/530/243
f 483/530/243 484/529/243 486/531/244 485/532/244
f 485/532/244 486/531/244 488/533/245 487/534/245
f 487/534/245 488/533/245 490/535/246 489/536/246
f 489/536/246 490/535/246 492/537/247 491/538/247
f 491/538/247 492/537/247 494/539/248 493/540/248
f 493/540/248 494/539/248 496/541/249 495/542/249
f 495/542/249 496/541/249 498/543/250 497/544/250
f 497/544/250 498/543/250 500/545/251 499/546/251
f 499/546/251 500/545/251 502/547/252 501/548/252
f 501/548/252 502/547/252 504/549/253 503/550/253
f 503/550/253 504/549/253 506/551/254 505/552/254
f 505/552/254 506/551/254 508/553/255 507/554/255
f 507/554/255 508/553/255 510/555/256 509/556/256
f 509/556/256 510/555/256 512/557/257 511/558/257
f 511/558/257 512/557/257 514/559/258 513/560/258
f 513/560/258 514/559/258 516/561/259 515/562/259
f 515/562/259 516/561/259 518/563/260 517/564/260
f 460/565/261 458/566/261 520/567/261 518/568/261 516/569/261 514/570/261 512/571/261 510/572/261 508/573/261 506/574/261 504/575/261 502/576/261 500/577/261 498/578/261 496/579/261 494/580/261 492/581/261 490/582/261 488/583/261 486/584/261 484/585/261 482/586/261 480/587/261 478/588/261 476/589/261 474/590/261 472/591/261 470/592/261 468/593/261 466/594/261 464/595/261 462/596/261
f 517/564/260 518/563/260 520/597/262 519/598/262
f 519/598/262 520/597/262 458/599/230 457/600/230
f 457/601/263 459/602/263 461/603/263 463/604/263 465/605/263 467/606/263 469/607/263 471/608/263 473/609/263 475/610/263 477/611/263 479/612/263 481/613/263 483/614/263 485/615/263 487/616/263 489/617/263 491/618/263 493/619/263 495/620/263 497/621/263 499/622/263 501/623/263 503/624/263 505/625/263 507/626/263 509/627/263 511/628/263 513/629/263 515/630/263 517/631/263 519/632/263
o Cylinder.003
v -0.880128 1.761436 0.841064
v -0.880128 1.753827 0.990984
v -0.874604 1.761958 0.841090
v -0.874604 1.754349 0.991010
v -0.869293 1.763505 0.841169
v -0.869293 1.755896 0.991089
v -0.864398 1.766016 0.841296
v -0.864398 1.758407 0.991216
v -0.860107 1.769396 0.841468
v -0.860107 1.761786 0.991388
v -0.856586 1.773513 0.841677
v -0.856586 1.765904 0.991597
v -0.853969 1.778211 0.841915
v -0.853969 1.770602 0.991835
v -0.852358 1.783309 0.842174
v -0.852358 1.775700 0.992094
v -0.851814 1.788611 0.842443
v -0.851814 1.781001 0.992363
v -0.852358 1.793912 0.842712
v -0.852358 1.786303 0.992632
v -0.853969 1.799010 0.842971
v -0.853969 1.791401 0.992891
v -0.856586 1.803708 0.843209
v -0.856586 1.796099 0.993129
v -0.860107 1.807826 0.843418
v -0.860107 1.800216 0.993339
v -0.864398 1.811205 0.843590
v -0.864398 1.803596 0.993510
v -0.869293 1.813716 0.843717
v -0.869293 1.806107 0.993638
v -0.874604 1.815263 0.843796
v -0.874604 1.807654 0.993716
v -0.880128 1.815785 0.843822
v -0.880128 1.808176 0.993742
v -0.885652 1.815263 0.843796
v -0.885652 1.807654 0.993716
v -0.890964 1.813716 0.843717
v -0.890964 1.806107 0.993638
v -0.895859 1.811205 0.843590
v -0.895859 1.803596 0.993510
v -0.900149 1.807826 0.843418
v -0.900149 1.800216 0.993339
v -0.903671 1.803708 0.843209
v -0.903671 1.796099 0.993129
v -0.906287 1.799010 0.842971
v -0.906287 1.791401 0.992891
v -0.907898 1.793912 0.842712
v -0.907898 1.786303 0.992632
v -0.908442 1.788611 0.842443
v -0.908442 1.781001 0.992363
v -0.907898 1.783309 0.842174
v -0.907898 1.775700 0.992094
v -0.906287 1.778211 0.841915
v -0.906287 1.770602 0.991835
v -0.903671 1.773513 0.841677
v -0.903671 1.765904 0.991597
v -0.900149 1.769396 0.841468
v -0.900149 1.761786 0.991388
v -0.895859 1.766016 0.841296
v -0.895859 1.758407 0.991216
v -0.890964 1.763505 0.841169
v -0.890964 1.755896 0.991089
v -0.885652 1.761958 0.841090
v -0.885652 1.754349 0.991010
vn -0.0000 -0.9987 -0.0507
vn 0.1878 -0.9810 -0.0498
vn 0.3698 -0.9279 -0.0471
vn 0.5403 -0.8404 -0.0427
vn 0.6929 -0.7201 -0.0365
vn 0.8210 -0.5701 -0.0289
vn 0.9183 -0.3953 -0.0201
vn 0.9792 -0.2024 -0.0103
vn 1.0000 -0.0000 -0.0000
vn 0.9792 0.2024 0.0103
vn 0.9183 0.3953 0.0201
vn 0.8210 0.5701 0.0289
vn 0.6929 0.7201 0.0365
vn 0.5403 0.8404 0.0427
vn 0.3698 0.9279 0.0471
vn 0.1878 0.9810 0.0498
vn -0.0000 0.9987 0.0507
vn -0.1878 0.9810 0.0498
vn -0.3698 0.9279 0.0471
vn -0.5403 0.8404 0.0427
vn -0.6929 0.7201 0.0365
vn -0.8210 0.5701 0.0289
vn -0.9183 0.3953 0.0201
vn -0.9792 0.2024 0.0103
vn -1.0000 -0.0000 -0.0000
vn -0.9792 -0.2024 -0.0103
vn -0.9183 -0.3953 -0.0201
vn -0.8210 -0.5701 -0.0289
vn -0.6929 -0.7201 -0.0365
vn -0.5403 -0.8404 -0.0427
vn -0.3698 -0.9279 -0.0471
vn -0.0000 -0.0507 0.9987
vn -0.1878 -0.9810 -0.0498
vn -0.0000 0.0507 -0.9987
vt 1.000000 0.500000
vt 1.000000 1.000000
vt 0.968750 1.000000
vt 0.968750 0.500000
vt 0.937500 1.000000
vt 0.937500 0.500000
vt 0.906250 1.000000
vt 0.906250 0.500000
vt 0.875000 1.000000
vt 0.875000 0.500000
vt 0.843750 1.000000
vt 0.843750 0.500000
vt 0.812500 1.000000
vt 0.812500 0.500000
vt 0.781250 1.000000
vt 0.781250 0.500000
vt 0.750000 1.000000
vt 0.750000 0.500000
vt 0.718750 1.000000
vt 0.718750 0.500000
vt 0.687500 1.000000
vt 0.687500 0.500000
vt 0.656250 1.000000
vt 0.656250 0.500000
vt 0.625000 1.000000
vt 0.625000 0.500000
vt 0.593750 1.000000
vt 0.593750 0.500000
vt 0.562500 1.000000
vt 0.562500 0.500000
vt 0.531250 1.000000
vt 0.531250 0.500000
vt 0.500000 1.000000
vt 0.500000 0.500000
vt 0.468750 1.000000
vt 0.468750 0.500000
vt 0.437500 1.000000
vt 0.437500 0.500000
vt 0.406250 1.000000
vt 0.406250 0.500000
vt 0.375000 1.000000
vt 0.375000 0.500000
vt 0.343750 1.000000
vt 0.343750 0.500000
vt 0.312500 1.000000
vt 0.312500 0.500000
vt 0.281250 1.000000
vt 0.281250 0.500000
vt 0.250000 1.000000
vt 0.250000 0.500000
vt 0.218750 1.000000
vt 0.218750 0.500000
vt 0.187500 1.000000
vt 0.187500 0.500000
vt 0.156250 1.000000
vt 0.156250 0.500000
vt 0.125000 1.000000
vt 0.125000 0.500000
vt 0.093750 1.000000
vt 0.093750 0.500000
vt 0.062500 1.000000
vt 0.062500 0.500000
vt 0.296822 0.485388
vt 0.250000 0.490000
vt 0.203178 0.485388
vt 0.158156 0.471731
vt 0.116663 0.449553
vt 0.080294 0.419706
vt 0.050447 0.383337
vt 0.028269 0.341844
vt 0.014612 0.296822
vt 0.010000 0.250000
vt 0.014612 0.203178
vt 0.028269 0.158156
vt 0.050447 0.116663
vt 0.080294 0.080294
vt 0.116663 0.050447
vt 0.158156 0.028269
vt 0.203178 0.014612
vt 0.250000 0.010000
vt 0.296822 0.014612
vt 0.341844 0.028269
vt 0.383337 0.050447
vt 0.419706 0.080294
vt 0.449553 0.116663
vt 0.471731 0.158156
vt 0.485388 0.203178
vt 0.490000 0.250000
vt 0.485388 0.296822
vt 0.471731 0.341844
vt 0.449553 0.383337
vt 0.419706 0.419706
vt 0.383337 0.449553
vt 0.341844 0.471731
vt 0.031250 1.000000
vt 0.031250 0.500000
vt 0.000000 1.000000
vt 0.000000 0.500000
vt 0.750000 0.490000
vt 0.796822 0.485388
vt 0.841844 0.471731
vt 0.883337 0.449553
vt 0.919706 0.419706
vt 0.949553 0.383337
vt 0.971731 0.341844
vt 0.985388 0.296822
vt 0.990000 0.250000
vt 0.985388 0.203178
vt 0.971731 0.158156
vt 0.949553 0.116663
vt 0.919706 0.080294
vt 0.883337 0.050447
vt 0.841844 0.028269
vt 0.796822 0.014612
vt 0.750000 0.010000
vt 0.703178 0.014612
vt 0.658156 0.028269
vt 0.616663 0.050447
vt 0.580294 0.080294
vt 0.550447 0.116663
vt 0.528269 0.158156
vt 0.514612 0.203178
vt 0.510000 0.250000
vt 0.514612 0.296822
vt 0.528269 0.341844
vt 0.550447 0.383337
vt 0.580294 0.419706
vt 0.616663 0.449553
vt 0.658156 0.471731
vt 0.703178 0.485388
s 1
usemtl Material.021
f 521/633/264 523/636/265 524/635/265 522/634/264
f 523/636/265 525/638/266 526/637/266 524/635/265
f 525/638/266 527/640/267 528/639/267 526/637/266
f 527/640/267 529/642/268 530/641/268 528/639/267
f 529/642/268 531/644/269 532/643/269 530/641/268
f 531/644/269 533/646/270 534/645/270 532/643/269
f 533/646/270 535/648/271 536/647/271 534/645/270
f 535/648/271 537/650/272 538/649/272 536/647/271
f 537/650/272 539/652/273 540/651/273 538/649/272
f 539/652/273 541/654/274 542/653/274 540/651/273
f 541/654/274 543/656/275 544/655/275 542/653/274
f 543/656/275 545/658/276 546/657/276 544/655/275
f 545/658/276 547/660/277 548/659/277 546/657/276
f 547/660/277 549/662/278 550/661/278 548/659/277
f 549/662/278 551/664/279 552/663/279 550/661/278
f 551/664/279 553/666/280 554/665/280 552/663/279
f 553/666/280 555/668/281 556/667/281 554/665/280
f 555/668/281 557/670/282 558/669/282 556/667/281
f 557/670/282 559/672/283 560/671/283 558/669/282
f 559/672/283 561/674/284 562/673/284 560/671/283
f 561/674/284 563/676/285 564/675/285 562/673/284
f 563/676/285 565/678/286 566/677/286 564/675/285
f 565/678/286 567/680/287 568/679/287 566/677/286
f 567/680/287 569/682/288 570/681/288 568/679/287
f 569/682/288 571/684/289 572/683/289 570/681/288
f 571/684/289 573/686/290 574/685/290 572/683/289
f 573/686/290 575/688/291 576/687/291 574/685/290
f 575/688/291 577/690/292 578/689/292 576/687/291
f 577/690/292 579/692/293 580/691/293 578/689/292
f 579/692/293 581/694/294 582/693/294 580/691/293
f 524/695/295 526/726/295 528/725/295 530/724/295 532/723/295 534/722/295 536/721/295 538/720/295 540/719/295 542/718/295 544/717/295 546/716/295 548/715/295 550/714/295 552/713/295 554/712/295 556/711/295 558/710/295 560/709/295 562/708/295 564/707/295 566/706/295 568/705/295 570/704/295 572/703/295 574/702/295 576/701/295 578/700/295 580/699/295 582/698/295 584/697/295 522/696/295
f 581/694/294 583/728/296 584/727/296 582/693/294
f 583/728/296 521/730/264 522/729/264 584/727/296
f 521/731/297 583/762/297 581/761/297 579/760/297 577/759/297 575/758/297 573/757/297 571/756/297 569/755/297 567/754/297 565/753/297 563/752/297 561/751/297 559/750/297 557/749/297 555/748/297 553/747/297 551/746/297 549/745/297 547/744/297 545/743/297 543/742/297 541/741/297 539/740/297 537/739/297 535/738/297 533/737/297 531/736/297 529/735/297 527/734/297 525/733/297 523/732/297
o Cylinder.004
v -0.879237 1.538267 0.841064
v -0.879237 1.530658 0.990984
v -0.873713 1.538790 0.841090
v -0.873713 1.531180 0.991010
v -0.868401 1.540336 0.841169
v -0.868401 1.532727 0.991089
v -0.863506 1.542847 0.841296
v -0.863506 1.535238 0.991216
v -0.859215 1.546227 0.841468
v -0.859215 1.538617 0.991388
v -0.855694 1.550345 0.841677
v -0.855694 1.542735 0.991597
v -0.853078 1.555043 0.841915
v -0.853078 1.547433 0.991835
v -0.851466 1.560140 0.842174
v -0.851466 1.552531 0.992094
v -0.850922 1.565442 0.842443
v -0.850922 1.557832 0.992363
v -0.851466 1.570743 0.842712
v -0.851466 1.563134 0.992632
v -0.853078 1.575841 0.842971
v -0.853078 1.568232 0.992891
v -0.855694 1.580539 0.843209
v -0.855694 1.572930 0.993129
v -0.859215 1.584657 0.843418
v -0.859215 1.577048 0.993339
v -0.863506 1.588036 0.843590
v -0.863506 1.580427 0.993510
v -0.868401 1.590548 0.843717
v -0.868401 1.582938 0.993638
v -0.873713 1.592094 0.843796
v -0.873713 1.584485 0.993716
v -0.879237 1.592616 0.843822
v -0.879237 1.585007 0.993742
v -0.884761 1.592094 0.843796
v -0.884761 1.584485 0.993716
v -0.890072 1.590548 0.843717
v -0.890072 1.582938 0.993638
v -0.894967 1.588036 0.843590
v -0.894967 1.580427 0.993510
v -0.899258 1.584657 0.843418
v -0.899258 1.577048 0.993339
v -0.902779 1.580539 0.843209
v -0.902779 1.572930 0.993129
v -0.905396 1.575841 0.842971
v -0.905396 1.568232 0.992891
v -0.907007 1.570743 0.842712
v -0.907007 1.563134 0.992632
v -0.907551 1.565442 0.842443
v -0.907551 1.557832 0.992363
v -0.907007 1.560140 0.842174
v -0.907007 1.552531 0.992094
v -0.905396 1.555043 0.841915
v -0.905396 1.547433 0.991835
v -0.902779 1.550345 0.841677
v -0.902779 1.542735 0.991597
v -0.899258 1.546227 0.841468
v -0.899258 1.538617 0.991388
v -0.894967 1.542847 0.841296
v -0.894967 1.535238 0.991216
v -0.890072 1.540336 0.841169
v -0.890072 1.532727 0.991089
v -0.884761 1.538790 0.841090
v -0.884761 1.531180 0.991010
vn -0.0000 -0.9987 -0.0507
vn 0.1878 -0.9810 -0.0498
vn 0.3698 -0.9279 -0.0471
vn 0.5403 -0.8404 -0.0427
vn 0.6929 -0.7201 -0.0365
vn 0.8210 -0.5701 -0.0289
vn 0.9183 -0.3953 -0.0201
vn 0.9792 -0.2024 -0.0103
vn 1.0000 -0.0000 -0.0000
vn 0.9792 0.2024 0.0103
vn 0.9183 0.3953 0.0201
vn 0.8210 0.5701 0.0289
vn 0.6929 0.7201 0.0365
vn 0.5403 0.8404 0.0427
vn 0.3698 0.9279 0.0471
vn 0.1878 0.9810 0.0498
vn -0.0000 0.9987 0.0507
vn -0.1878 0.9810 0.0498
vn -0.3698 0.9279 0.0471
vn -0.5403 0.8404 0.0427
vn -0.6929 0.7201 0.0365
vn -0.8210 0.5701 0.0289
vn -0.9183 0.3953 0.0201
vn -0.9792 0.2024 0.0103
vn -1.0000 -0.0000 -0.0000
vn -0.9792 -0.2024 -0.0103
vn -0.9183 -0.3953 -0.0201
vn -0.8210 -0.5701 -0.0289
vn -0.6929 -0.7201 -0.0365
vn -0.5403 -0.8404 -0.0427
vn -0.3698 -0.9279 -0.0471
vn -0.0000 -0.0507 0.9987
vn -0.1878 -0.9810 -0.0498
vn -0.0000 0.0507 -0.9987
vt 1.000000 0.500000
vt 1.000000 1.000000
vt 0.968750 1.000000
vt 0.968750 0.500000
vt 0.937500 1.000000
vt 0.937500 0.500000
vt 0.906250 1.000000
vt 0.906250 0.500000
vt 0.875000 1.000000
vt 0.875000 0.500000
vt 0.843750 1.000000
vt 0.843750 0.500000
vt 0.812500 1.000000
vt 0.812500 0.500000
vt 0.781250 1.000000
vt 0.781250 0.500000
vt 0.750000 1.000000
vt 0.750000 0.500000
vt 0.718750 1.000000
vt 0.718750 0.500000
vt 0.687500 1.000000
vt 0.687500 0.500000
vt 0.656250 1.000000
vt 0.656250 0.500000
vt 0.625000 1.000000
vt 0.625000 0.500000
vt 0.593750 1.000000
vt 0.593750 0.500000
vt 0.562500 1.000000
vt 0.562500 0.500000
vt 0.531250 1.000000
vt 0.531250 0.500000
vt 0.500000 1.000000
vt 0.500000 0.500000
vt 0.468750 1.000000
vt 0.468750 0.500000
vt 0.437500 1.000000
vt 0.437500 0.500000
vt 0.406250 1.000000
vt 0.406250 0.500000
vt 0.375000 1.000000
vt 0.375000 0.500000
vt 0.343750 1.000000
vt 0.343750 0.500000
vt 0.312500 1.000000
vt 0.312500 0.500000
vt 0.281250 1.000000
vt 0.281250 0.500000
vt 0.250000 1.000000
vt 0.250000 0.500000
vt 0.218750 1.000000
vt 0.218750 0.500000
vt 0.187500 1.000000
vt 0.187500 0.500000
vt 0.156250 1.000000
vt 0.156250 0.500000
vt 0.125000 1.000000
vt 0.125000 0.500000
vt 0.093750 1.000000
vt 0.093750 0.500000
vt 0.062500 1.000000
vt 0.062500 0.500000
vt 0.296822 0.485388
vt 0.250000 0.490000
vt 0.203178 0.485388
vt 0.158156 0.471731
vt 0.116663 0.449553
vt 0.080294 0.419706
vt 0.050447 0.383337
vt 0.028269 0.341844
vt 0.014612 0.296822
vt 0.010000 0.250000
vt 0.014612 0.203178
vt 0.028269 0.158156
vt 0.050447 0.116663
vt 0.080294 0.080294
vt 0.116663 0.050447
vt 0.158156 0.028269
vt 0.203178 0.014612
vt 0.250000 0.010000
vt 0.296822 0.014612
vt 0.341844 0.028269
vt 0.383337 0.050447
vt 0.419706 0.080294
vt 0.449553 0.116663
vt 0.471731 0.158156
vt 0.485388 0.203178
vt 0.490000 0.250000
vt 0.485388 0.296822
vt 0.471731 0.341844
vt 0.449553 0.383337
vt 0.419706 0.419706
vt 0.383337 0.449553
vt 0.341844 0.471731
vt 0.031250 1.000000
vt 0.031250 0.500000
vt 0.000000 1.000000
vt 0.000000 0.500000
vt 0.750000 0.490000
vt 0.796822 0.485388
vt 0.841844 0.471731
vt 0.883337 0.449553
vt 0.919706 0.419706
vt 0.949553 0.383337
vt 0.971731 0.341844
vt 0.985388 0.296822
vt 0.990000 0.250000
vt 0.985388 0.203178
vt 0.971731 0.158156
vt 0.949553 0.116663
vt 0.919706 0.080294
vt 0.883337 0.050447
vt 0.841844 0.028269
vt 0.796822 0.014612
vt 0.750000 0.010000
vt 0.703178 0.014612
vt 0.658156 0.028269
vt 0.616663 0.050447
vt 0.580294 0.080294
vt 0.550447 0.116663
vt 0.528269 0.158156
vt 0.514612 0.203178
vt 0.510000 0.250000
vt 0.514612 0.296822
vt 0.528269 0.341844
vt 0.550447 0.383337
vt 0.580294 0.419706
vt 0.616663 0.449553
vt 0.658156 0.471731
vt 0.703178 0.485388
s 1
usemtl Material.022
f 585/763/298 587/766/299 588/765/299 586/764/298
f 587/766/299 589/768/300 590/767/300 588/765/299
f 589/768/300 591/770/301 592/769/301 590/767/300
f 591/770/301 593/772/302 594/771/302 592/769/301
f 593/772/302 595/774/303 596/773/303 594/771/302
f 595/774/303 597/776/304 598/775/304 596/773/303
f 597/776/304 599/778/305 600/777/305 598/775/304
f 599/778/305 601/780/306 602/779/306 600/777/305
f 601/780/306 603/782/307 604/781/307 602/779/306
f 603/782/307 605/784/308 606/783/308 604/781/307
f 605/784/308 607/786/309 608/785/309 606/783/308
f 607/786/309 609/788/310 610/787/310 608/785/309
f 609/788/310 611/790/311 612/789/311 610/787/310
f 611/790/311 613/792/312 614/791/312 612/789/311
f 613/792/312 615/794/313 616/793/313 614/791/312
f 615/794/313 617/796/314 618/795/314 616/793/313
f 617/796/314 619/798/315 620/797/315 618/795/314
f 619/798/315 621/800/316 622/799/316 620/797/315
f 621/800/316 623/802/317 624/801/317 622/799/316
f 623/802/317 625/804/318 626/803/318 624/801/317
f 625/804/318 627/806/319 628/805/319 626/803/318
f 627/806/319 629/808/320 630/807/320 628/805/319
f 629/808/320 631/810/321 632/809/321 630/807/320
f 631/810/321 633/812/322 634/811/322 632/809/321
f 633/812/322 635/814/323 636/813/323 634/811/322
f 635/814/323 637/816/324 638/815/324 636/813/323
f 637/816/324 639/818/325 640/817/325 638/815/324
f 639/818/325 641/820/326 642/819/326 640/817/325
f 641/820/326 643/822/327 644/821/327 642/819/326
f 643/822/327 645/824/328 646/823/328 644/821/327
f 588/825/329 590/856/329 592/855/329 594/854/329 596/853/329 598/852/329 600/851/329 602/850/329 604/849/329 606/848/329 608/847/329 610/846/329 612/845/329 614/844/329 616/843/329 618/842/329 620/841/329 622/840/329 624/839/329 626/838/329 628/837/329 630/836/329 632/835/329 634/834/329 636/833/329 638/832/329 640/831/329 642/830/329 644/829/329 646/828/329 648/827/329 586/826/329
f 645/824/328 647/858/330 648/857/330 646/823/328
f 647/858/330 585/860/298 586/859/298 648/857/330
f 585/861/331 647/892/331 645/891/331 643/890/331 641/889/331 639/888/331 637/887/331 635/886/331 633/885/331 631/884/331 629/883/331 627/882/331 625/881/331 623/880/331 621/879/331 619/878/331 617/877/331 615/876/331 613/875/331 611/874/331 609/873/331 607/872/331 605/871/331 603/870/331 601/869/331 599/868/331 597/867/331 595/866/331 593/865/331 591/864/331 589/863/331 587/862/331
o Cylinder.005
v 0.830850 1.545099 0.841064
v 0.830850 1.537490 0.990984
v 0.836374 1.545622 0.841090
v 0.836374 1.538012 0.991010
v 0.841685 1.547168 0.841169
v 0.841685 1.539559 0.991089
v 0.846581 1.549679 0.841296
v 0.846581 1.542070 0.991216
v 0.850871 1.553059 0.841468
v 0.850871 1.545449 0.991388
v 0.854392 1.557176 0.841677
v 0.854392 1.549567 0.991597
v 0.857009 1.561875 0.841915
v 0.857009 1.554265 0.991835
v 0.858620 1.566972 0.842174
v 0.858620 1.559363 0.992094
v 0.859164 1.572274 0.842443
v 0.859164 1.564664 0.992363
v 0.858620 1.577575 0.842712
v 0.858620 1.569966 0.992632
v 0.857009 1.582673 0.842971
v 0.857009 1.575064 0.992891
v 0.854392 1.587371 0.843209
v 0.854392 1.579762 0.993129
v 0.850871 1.591489 0.843418
v 0.850871 1.583879 0.993339
v 0.846581 1.594868 0.843590
v 0.846581 1.587259 0.993510
v 0.841685 1.597379 0.843717
v 0.841685 1.589770 0.993638
v 0.836374 1.598926 0.843796
v 0.836374 1.591317 0.993716
v 0.830850 1.599448 0.843822
v 0.830850 1.591839 0.993742
v 0.825326 1.598926 0.843796
v 0.825326 1.591317 0.993716
v 0.820015 1.597379 0.843717
v 0.820015 1.589770 0.993638
v 0.815119 1.594868 0.843590
v 0.815119 1.587259 0.993510
v 0.810829 1.591489 0.843418
v 0.810829 1.583879 0.993339
v 0.807308 1.587371 0.843209
v 0.807308 1.579762 0.993129
v 0.804691 1.582673 0.842971
v 0.804691 1.575064 0.992891
v 0.803080 1.577575 0.842712
v 0.803080 1.569966 0.992632
v 0.802536 1.572274 0.842443
v 0.802536 1.564664 0.992363
v 0.803080 1.566972 0.842174
v 0.803080 1.559363 0.992094
v 0.804691 1.561875 0.841915
v 0.804691 1.554265 0.991835
v 0.807308 1.557176 0.841677
v 0.807308 1.549567 0.991597
v 0.810829 1.553059 0.841468
v 0.810829 1.545449 0.991388
v 0.815119 1.549679 0.841296
v 0.815119 1.542070 0.991216
v 0.820015 1.547168 0.841169
v 0.820015 1.539559 0.991089
v 0.825326 1.545622 0.841090
v 0.825326 1.538012 0.991010
vn -0.0000 -0.9987 -0.0507
vn 0.1878 -0.9810 -0.0498
vn 0.3698 -0.9279 -0.0471
vn 0.5403 -0.8404 -0.0427
vn 0.6929 -0.7201 -0.0365
vn 0.8210 -0.5701 -0.0289
vn 0.9183 -0.3953 -0.0201
vn 0.9792 -0.2024 -0.0103
vn 1.0000 -0.0000 -0.0000
vn 0.9792 0.2024 0.0103
vn 0.9183 0.3953 0.0201
vn 0.8210 0.5701 0.0289
vn 0.6929 0.7201 0.0365
vn 0.5403 0.8404 0.0427
vn 0.3698 0.9279 0.0471
vn 0.1878 0.9810 0.0498
vn -0.0000 0.9987 0.0507
vn -0.1878 0.9810 0.0498
vn -0.3698 0.9279 0.0471
vn -0.5403 0.8404 0.0427
vn -0.6929 0.7201 0.0365
vn -0.8210 0.5701 0.0289
vn -0.9183 0.3953 0.0201
vn -0.9792 0.2024 0.0103
vn -1.0000 -0.0000 -0.0000
vn -0.9792 -0.2024 -0.0103
vn -0.9183 -0.3953 -0.0201
vn -0.8210 -0.5701 -0.0289
vn -0.6929 -0.7201 -0.0365
vn -0.5403 -0.8404 -0.0427
vn -0.3698 -0.9279 -0.0471
vn -0.0000 -0.0507 0.9987
vn -0.1878 -0.9810 -0.0498
vn -0.0000 0.0507 -0.9987
vt 1.000000 0.500000
vt 1.000000 1.000000
vt 0.968750 1.000000
vt 0.968750 0.500000
vt 0.937500 1.000000
vt 0.937500 0.500000
vt 0.906250 1.000000
vt 0.906250 0.500000
vt 0.875000 1.000000
vt 0.875000 0.500000
vt 0.843750 1.000000
vt 0.843750 0.500000
vt 0.812500 1.000000
vt 0.812500 0.500000
vt 0.781250 1.000000
vt 0.781250 0.500000
vt 0.750000 1.000000
vt 0.750000 0.500000
vt 0.718750 1.000000
vt 0.718750 0.500000
vt 0.687500 1.000000
vt 0.687500 0.500000
vt 0.656250 1.000000
vt 0.656250 0.500000
vt 0.625000 1.000000
vt 0.625000 0.500000
vt 0.593750 1.000000
vt 0.593750 0.500000
vt 0.562500 1.000000
vt 0.562500 0.500000
vt 0.531250 1.000000
vt 0.531250 0.500000
vt 0.500000 1.000000
vt 0.500000 0.500000
vt 0.468750 1.000000
vt 0.468750 0.500000
vt 0.437500 1.000000
vt 0.437500 0.500000
vt 0.406250 1.000000
vt 0.406250 0.500000
vt 0.375000 1.000000
vt 0.375000 0.500000
vt 0.343750 1.000000
vt 0.343750 0.500000
vt 0.312500 1.000000
vt 0.312500 0.500000
vt 0.281250 1.000000
vt 0.281250 0.500000
vt 0.250000 1.000000
vt 0.250000 0.500000
vt 0.218750 1.000000
vt 0.218750 0.500000
vt 0.187500 1.000000
vt 0.187500 0.500000
vt 0.156250 1.000000
vt 0.156250 0.500000
vt 0.125000 1.000000
vt 0.125000 0.500000
vt 0.093750 1.000000
vt 0.093750 0.500000
vt 0.062500 1.000000
vt 0.062500 0.500000
vt 0.296822 0.485388
vt 0.250000 0.490000
vt 0.203178 0.485388
vt 0.158156 0.471731
vt 0.116663 0.449553
vt 0.080294 0.419706
vt 0.050447 0.383337
vt 0.028269 0.341844
vt 0.014612 0.296822
vt 0.010000 0.250000
vt 0.014612 0.203178
vt 0.028269 0.158156
vt 0.050447 0.116663
vt 0.080294 0.080294
vt 0.116663 0.050447
vt 0.158156 0.028269
vt 0.203178 0.014612
vt 0.250000 0.010000
vt 0.296822 0.014612
vt 0.341844 0.028269
vt 0.383337 0.050447
vt 0.419706 0.080294
vt 0.449553 0.116663
vt 0.471731 0.158156
vt 0.485388 0.203178
vt 0.490000 0.250000
vt 0.485388 0.296822
vt 0.471731 0.341844
vt 0.449553 0.383337
vt 0.419706 0.419706
vt 0.383337 0.449553
vt 0.341844 0.471731
vt 0.031250 1.000000
vt 0.031250 0.500000
vt 0.000000 1.000000
vt 0.000000 0.500000
vt 0.750000 0.490000
vt 0.796822 0.485388
vt 0.841844 0.471731
vt 0.883337 0.449553
vt 0.919706 0.419706
vt 0.949553 0.383337
vt 0.971731 0.341844
vt 0.985388 0.296822
vt 0.990000 0.250000
vt 0.985388 0.203178
vt 0.971731 0.158156
vt 0.949553 0.116663
vt 0.919706 0.080294
vt 0.883337 0.050447
vt 0.841844 0.028269
vt 0.796822 0.014612
vt 0.750000 0.010000
vt 0.703178 0.014612
vt 0.658156 0.028269
vt 0.616663 0.050447
vt 0.580294 0.080294
vt 0.550447 0.116663
vt 0.528269 0.158156
vt 0.514612 0.203178
vt 0.510000 0.250000
vt 0.514612 0.296822
vt 0.528269 0.341844
vt 0.550447 0.383337
vt 0.580294 0.419706
vt 0.616663 0.449553
vt 0.658156 0.471731
vt 0.703178 0.485388
s 1
usemtl Material.025
f 649/893/332 651/896/333 652/895/333 650/894/332
f 651/896/333 653/898/334 654/897/334 652/895/333
f 653/898/334 655/900/335 656/899/335 654/897/334
f 655/900/335 657/902/336 658/901/336 656/899/335
f 657/902/336 659/904/337 660/903/337 658/901/336
f 659/904/337 661/906/338 662/905/338 660/903/337
f 661/906/338 663/908/339 664/907/339 662/905/338
f 663/908/339 665/910/340 666/909/340 664/907/339
f 665/910/340 667/912/341 668/911/341 666/909/340
f 667/912/341 669/914/342 670/913/342 668/911/341
f 669/914/342 671/916/343 672/915/343 670/913/342
f 671/916/343 673/918/344 674/917/344 672/915/343
f 673/918/344 675/920/345 676/919/345 674/917/344
f 675/920/345 677/922/346 678/921/346 676/919/345
f 677/922/346 679/924/347 680/923/347 678/921/346
f 679/924/347 681/926/348 682/925/348 680/923/347
f 681/926/348 683/928/349 684/927/349 682/925/348
f 683/928/349 685/930/350 686/929/350 684/927/349
f 685/930/350 687/932/351 688/931/351 686/929/350
f 687/932/351 689/934/352 690/933/352 688/931/351
f 689/934/352 691/936/353 692/935/353 690/933/352
f 691/936/353 693/938/354 694/937/354 692/935/353
f 693/938/354 695/940/355 696/939/355 694/937/354
f 695/940/355 697/942/356 698/941/356 696/939/355
f 697/942/356 699/944/357 700/943/357 698/941/356
f 699/944/357 701/946/358 702/945/358 700/943/357
f 701/946/358 703/948/359 704/947/359 702/945/358
f 703/948/359 705/950/360 706/949/360 704/947/359
f 705/950/360 707/952/361 708/951/361 706/949/360
f 707/952/361 709/954/362 710/953/362 708/951/361
f 652/955/363 654/986/363 656/985/363 658/984/363 660/983/363 662/982/363 664/981/363 666/980/363 668/979/363 670/978/363 672/977/363 674/976/363 676/975/363 678/974/363 680/973/363 682/972/363 684/971/363 686/970/363 688/969/363 690/968/363 692/967/363 694/966/363 696/965/363 698/964/363 700/963/363 702/962/363 704/961/363 706/960/363 708/959/363 710/958/363 712/957/363 650/956/363
f 709/954/362 711/988/364 712/987/364 710/953/362
f 711/988/364 649/990/332 650/989/332 712/987/364
f 649/991/365 711/1022/365 709/1021/365 707/1020/365 705/1019/365 703/1018/365 701/1017/365 699/1016/365 697/1015/365 695/1014/365 693/1013/365 691/1012/365 689/1011/365 687/1010/365 685/1009/365 683/1008/365 681/1007/365 679/1006/365 677/1005/365 675/1004/365 673/1003/365 671/1002/365 669/1001/365 667/1000/365 665/999/365 663/998/365 661/997/365 659/996/365 657/995/365 655/994/365 653/993/365 651/992/365
o Cylinder.006
v 0.829958 1.768268 0.841064
v 0.829958 1.760659 0.990984
v 0.835482 1.768790 0.841090
v 0.835482 1.761181 0.991010
v 0.840794 1.770337 0.841169
v 0.840794 1.762727 0.991089
v 0.845689 1.772848 0.841296
v 0.845689 1.765239 0.991216
v 0.849980 1.776227 0.841468
v 0.849980 1.768618 0.991388
v 0.853501 1.780345 0.841677
v 0.853501 1.772736 0.991597
v 0.856117 1.785043 0.841915
v 0.856117 1.777434 0.991835
v 0.857729 1.790141 0.842174
v 0.857729 1.782532 0.992094
v 0.858273 1.795443 0.842443
v 0.858273 1.787833 0.992363
v 0.857729 1.800744 0.842712
v 0.857729 1.793135 0.992632
v 0.856117 1.805842 0.842971
v 0.856117 1.798232 0.992891
v 0.853501 1.810540 0.843209
v 0.853501 1.802930 0.993129
v 0.849980 1.814658 0.843418
v 0.849980 1.807048 0.993339
v 0.845689 1.818037 0.843590
v 0.845689 1.810428 0.993510
v 0.840794 1.820548 0.843717
v 0.840794 1.812939 0.993638
v 0.835482 1.822095 0.843796
v 0.835482 1.814485 0.993716
v 0.829958 1.822617 0.843822
v 0.829958 1.815008 0.993742
v 0.824434 1.822095 0.843796
v 0.824434 1.814485 0.993716
v 0.819123 1.820548 0.843717
v 0.819123 1.812939 0.993638
v 0.814228 1.818037 0.843590
v 0.814228 1.810428 0.993510
v 0.809937 1.814658 0.843418
v 0.809937 1.807048 0.993339
v 0.806416 1.810540 0.843209
v 0.806416 1.802930 0.993129
v 0.803799 1.805842 0.842971
v 0.803799 1.798232 0.992891
v 0.802188 1.800744 0.842712
v 0.802188 1.793135 0.992632
v 0.801644 1.795443 0.842443
v 0.801644 1.787833 0.992363
v 0.802188 1.790141 0.842174
v 0.802188 1.782532 0.992094
v 0.803799 1.785043 0.841915
v 0.803799 1.777434 0.991835
v 0.806416 1.780345 0.841677
v 0.806416 1.772736 0.991597
v 0.809937 1.776227 0.841468
v 0.809937 1.768618 0.991388
v 0.814228 1.772848 0.841296
v 0.814228 1.765239 0.991216
v 0.819123 1.770337 0.841169
v 0.819123 1.762727 0.991089
v 0.824434 1.768790 0.841090
v 0.824434 1.761181 0.991010
vn -0.0000 -0.9987 -0.0507
vn 0.1878 -0.9810 -0.0498
vn 0.3698 -0.9279 -0.0471
vn 0.5403 -0.8404 -0.0427
vn 0.6929 -0.7201 -0.0365
vn 0.8210 -0.5701 -0.0289
vn 0.9183 -0.3953 -0.0201
vn 0.9792 -0.2024 -0.0103
vn 1.0000 -0.0000 -0.0000
vn 0.9792 0.2024 0.0103
vn 0.9183 0.3953 0.0201
vn 0.8210 0.5701 0.0289
vn 0.6929 0.7201 0.0365
vn 0.5403 0.8404 0.0427
vn 0.3698 0.9279 0.0471
vn 0.1878 0.9810 0.0498
vn -0.0000 0.9987 0.0507
vn -0.1878 0.9810 0.0498
vn -0.3698 0.9279 0.0471
vn -0.5403 0.8404 0.0427
vn -0.6929 0.7201 0.0365
vn -0.8210 0.5701 0.0289
vn -0.9183 0.3953 0.0201
vn -0.9792 0.2024 0.0103
vn -1.0000 -0.0000 -0.0000
vn -0.9792 -0.2024 -0.0103
vn -0.9183 -0.3953 -0.0201
vn -0.8210 -0.5701 -0.0289
vn -0.6929 -0.7201 -0.0365
vn -0.5403 -0.8404 -0.0427
vn -0.3698 -0.9279 -0.0471
vn -0.0000 -0.0507 0.9987
vn -0.1878 -0.9810 -0.0498
vn -0.0000 0.0507 -0.9987
vt 1.000000 0.500000
vt 1.000000 1.000000
vt 0.968750 1.000000
vt 0.968750 0.500000
vt 0.937500 1.000000
vt 0.937500 0.500000
vt 0.906250 1.000000
vt 0.906250 0.500000
vt 0.875000 1.000000
vt 0.875000 0.500000
vt 0.843750 1.000000
vt 0.843750 0.500000
vt 0.812500 1.000000
vt 0.812500 0.500000
vt 0.781250 1.000000
vt 0.781250 0.500000
vt 0.750000 1.000000
vt 0.750000 0.500000
vt 0.718750 1.000000
vt 0.718750 0.500000
vt 0.687500 1.000000
vt 0.687500 0.500000
vt 0.656250 1.000000
vt 0.656250 0.500000
vt 0.625000 1.000000
vt 0.625000 0.500000
vt 0.593750 1.000000
vt 0.593750 0.500000
vt 0.562500 1.000000
vt 0.562500 0.500000
vt 0.531250 1.000000
vt 0.531250 0.500000
vt 0.500000 1.000000
vt 0.500000 0.500000
vt 0.468750 1.000000
vt 0.468750 0.500000
vt 0.437500 1.000000
vt 0.437500 0.500000
vt 0.406250 1.000000
vt 0.406250 0.500000
vt 0.375000 1.000000
vt 0.375000 0.500000
vt 0.343750 1.000000
vt 0.343750 0.500000
vt 0.312500 1.000000
vt 0.312500 0.500000
vt 0.281250 1.000000
vt 0.281250 0.500000
vt 0.250000 1.000000
vt 0.250000 0.500000
vt 0.218750 1.000000
vt 0.218750 0.500000
vt 0.187500 1.000000
vt 0.187500 0.500000
vt 0.156250 1.000000
vt 0.156250 0.500000
vt 0.125000 1.000000
vt 0.125000 0.500000
vt 0.093750 1.000000
vt 0.093750 0.500000
vt 0.062500 1.000000
vt 0.062500 0.500000
vt 0.296822 0.485388
vt 0.250000 0.490000
vt 0.203178 0.485388
vt 0.158156 0.471731
vt 0.116663 0.449553
vt 0.080294 0.419706
vt 0.050447 0.383337
vt 0.028269 0.341844
vt 0.014612 0.296822
vt 0.010000 0.250000
vt 0.014612 0.203178
vt 0.028269 0.158156
vt 0.050447 0.116663
vt 0.080294 0.080294
vt 0.116663 0.050447
vt 0.158156 0.028269
vt 0.203178 0.014612
vt 0.250000 0.010000
vt 0.296822 0.014612
vt 0.341844 0.028269
vt 0.383337 0.050447
vt 0.419706 0.080294
vt 0.449553 0.116663
vt 0.471731 0.158156
vt 0.485388 0.203178
vt 0.490000 0.250000
vt 0.485388 0.296822
vt 0.471731 0.341844
vt 0.449553 0.383337
vt 0.419706 0.419706
vt 0.383337 0.449553
vt 0.341844 0.471731
vt 0.031250 1.000000
vt 0.031250 0.500000
vt 0.000000 1.000000
vt 0.000000 0.500000
vt 0.750000 0.490000
vt 0.796822 0.485388
vt 0.841844 0.471731
vt 0.883337 0.449553
vt 0.919706 0.419706
vt 0.949553 0.383337
vt 0.971731 0.341844
vt 0.985388 0.296822
vt 0.990000 0.250000
vt 0.985388 0.203178
vt 0.971731 0.158156
vt 0.949553 0.116663
vt 0.919706 0.080294
vt 0.883337 0.050447
vt 0.841844 0.028269
vt 0.796822 0.014612
vt 0.750000 0.010000
vt 0.703178 0.014612
vt 0.658156 0.028269
vt 0.616663 0.050447
vt 0.580294 0.080294
vt 0.550447 0.116663
vt 0.528269 0.158156
vt 0.514612 0.203178
vt 0.510000 0.250000
vt 0.514612 0.296822
vt 0.528269 0.341844
vt 0.550447 0.383337
vt 0.580294 0.419706
vt 0.616663 0.449553
vt 0.658156 0.471731
vt 0.703178 0.485388
s 1
usemtl Material.024
f 713/1023/366 715/1026/367 716/1025/367 714/1024/366
f 715/1026/367 717/1028/368 718/1027/368 716/1025/367
f 717/1028/368 719/1030/369 720/1029/369 718/1027/368
f 719/1030/369 721/1032/370 722/1031/370 720/1029/369
f 721/1032/370 723/1034/371 724/1033/371 722/1031/370
f 723/1034/371 725/1036/372 726/1035/372 724/1033/371
f 725/1036/372 727/1038/373 728/1037/373 726/1035/372
f 727/1038/373 729/1040/374 730/1039/374 728/1037/373
f 729/1040/374 731/1042/375 732/1041/375 730/1039/374
f 731/1042/375 733/1044/376 734/1043/376 732/1041/375
f 733/1044/376 735/1046/377 736/1045/377 734/1043/376
f 735/1046/377 737/1048/378 738/1047/378 736/1045/377
f 737/1048/378 739/1050/379 740/1049/379 738/1047/378
f 739/1050/379 741/1052/380 742/1051/380 740/1049/379
f 741/1052/380 743/1054/381 744/1053/381 742/1051/380
f 743/1054/381 745/1056/382 746/1055/382 744/1053/381
f 745/1056/382 747/1058/383 748/1057/383 746/1055/382
f 747/1058/383 749/1060/384 750/1059/384 748/1057/383
f 749/1060/384 751/1062/385 752/1061/385 750/1059/384
f 751/1062/385 753/1064/386 754/1063/386 752/1061/385
f 753/1064/386 755/1066/387 756/1065/387 754/1063/386
f 755/1066/387 757/1068/388 758/1067/388 756/1065/387
f 757/1068/388 759/1070/389 760/1069/389 758/1067/388
f 759/1070/389 761/1072/390 762/1071/390 760/1069/389
f 761/1072/390 763/1074/391 764/1073/391 762/1071/390
f 763/1074/391 765/1076/392 766/1075/392 764/1073/391
f 765/1076/392 767/1078/393 768/1077/393 766/1075/392
f 767/1078/393 769/1080/394 770/1079/394 768/1077/393
f 769/1080/394 771/1082/395 772/1081/395 770/1079/394
f 771/1082/395 773/1084/396 774/1083/396 772/1081/395
f 716/1085/397 718/1116/397 720/1115/397 722/1114/397 724/1113/397 726/1112/397 728/1111/397 730/1110/397 732/1109/397 734/1108/397 736/1107/397 738/1106/397 740/1105/397 742/1104/397 744/1103/397 746/1102/397 748/1101/397 750/1100/397 752/1099/397 754/1098/397 756/1097/397 758/1096/397 760/1095/397 762/1094/397 764/1093/397 766/1092/397 768/1091/397 770/1090/397 772/1089/397 774/1088/397 776/1087/397 714/1086/397
f 773/1084/396 775/1118/398 776/1117/398 774/1083/396
f 775/1118/398 713/1120/366 714/1119/366 776/1117/398
f 713/1121/399 775/1152/399 773/1151/399 771/1150/399 769/1149/399 767/1148/399 765/1147/399 763/1146/399 761/1145/399 759/1144/399 757/1143/399 755/1142/399 753/1141/399 751/1140/399 749/1139/399 747/1138/399 745/1137/399 743/1136/399 741/1135/399 739/1134/399 737/1133/399 735/1132/399 733/1131/399 731/1130/399 729/1129/399 727/1128/399 725/1127/399 723/1126/399 721/1125/399 719/1124/399 717/1123/399 715/1122/399
o Cylinder.007
v 0.830405 1.485510 0.955990
v 0.830405 1.874402 0.955990
v 0.838000 1.485510 0.956784
v 0.838000 1.874402 0.956784
v 0.845303 1.485510 0.959135
v 0.845303 1.874402 0.959135
v 0.852033 1.485510 0.962953
v 0.852033 1.874402 0.962953
v 0.857933 1.485510 0.968091
v 0.857933 1.874402 0.968091
v 0.862774 1.485510 0.974352
v 0.862774 1.874402 0.974352
v 0.866372 1.485510 0.981495
v 0.866372 1.874402 0.981495
v 0.868587 1.485510 0.989245
v 0.868587 1.874402 0.989245
v 0.869335 1.485510 0.997305
v 0.869335 1.874402 0.997305
v 0.868587 1.485510 1.005365
v 0.868587 1.874402 1.005365
v 0.866372 1.485510 1.013116
v 0.866372 1.874402 1.013116
v 0.862774 1.485510 1.020258
v 0.862774 1.874402 1.020258
v 0.857933 1.485510 1.026519
v 0.857933 1.874402 1.026519
v 0.852033 1.485510 1.031657
v 0.852033 1.874402 1.031657
v 0.845303 1.485510 1.035475
v 0.845303 1.874402 1.035475
v 0.838000 1.485510 1.037826
v 0.838000 1.874402 1.037826
v 0.830405 1.485510 1.038620
v 0.830405 1.874402 1.038620
v 0.822810 1.485510 1.037826
v 0.822810 1.874402 1.037826
v 0.815506 1.485510 1.035475
v 0.815506 1.874402 1.035475
v 0.808776 1.485510 1.031657
v 0.808776 1.874402 1.031657
v 0.802876 1.485510 1.026519
v 0.802876 1.874402 1.026519
v 0.798035 1.485510 1.020258
v 0.798035 1.874402 1.020258
v 0.794437 1.485510 1.013116
v 0.794437 1.874402 1.013116
v 0.792222 1.485510 1.005365
v 0.792222 1.874402 1.005365
v 0.791474 1.485510 0.997305
v 0.791474 1.874402 0.997305
v 0.792222 1.485510 0.989245
v 0.792222 1.874402 0.989245
v 0.794437 1.485510 0.981495
v 0.794437 1.874402 0.981495
v 0.798035 1.485510 0.974352
v 0.798035 1.874402 0.974352
v 0.802876 1.485510 0.968091
v 0.802876 1.874402 0.968091
v 0.808776 1.485510 0.962953
v 0.808776 1.874402 0.962953
v 0.815506 1.485510 0.959135
v 0.815506 1.874402 0.959135
v 0.822810 1.485510 0.956784
v 0.822810 1.874402 0.956784
vn -0.0000 -0.0000 -1.0000
vn 0.2065 -0.0000 -0.9784
vn 0.4024 -0.0000 -0.9155
vn 0.5784 -0.0000 -0.8157
vn 0.7278 -0.0000 -0.6858
vn 0.8462 -0.0000 -0.5328
vn 0.9316 -0.0000 -0.3636
vn 0.9829 -0.0000 -0.1842
vn 1.0000 -0.0000 -0.0000
vn 0.9829 -0.0000 0.1842
vn 0.9316 -0.0000 0.3636
vn 0.8462 -0.0000 0.5328
vn 0.7278 -0.0000 0.6858
vn 0.5784 -0.0000 0.8157
vn 0.4024 -0.0000 0.9155
vn 0.2065 -0.0000 0.9784
vn -0.0000 -0.0000 1.0000
vn -0.2065 -0.0000 0.9784
vn -0.4024 -0.0000 0.9155
vn -0.5784 -0.0000 0.8157
vn -0.7278 -0.0000 0.6858
vn -0.8462 -0.0000 0.5328
vn -0.9316 -0.0000 0.3636
vn -0.9829 -0.0000 0.1842
vn -1.0000 -0.0000 -0.0000
vn -0.9829 -0.0000 -0.1842
vn -0.9316 -0.0000 -0.3636
vn -0.8462 -0.0000 -0.5328
vn -0.7278 -0.0000 -0.6858
vn -0.5784 -0.0000 -0.8157
vn -0.4024 -0.0000 -0.9155
vn -0.0000 1.0000 -0.0000
vn -0.2065 -0.0000 -0.9784
vn -0.0000 -1.0000 -0.0000
vt 1.000000 0.500000
vt 1.000000 1.000000
vt 0.968750 1.000000
vt 0.968750 0.500000
vt 0.937500 1.000000
vt 0.937500 0.500000
vt 0.906250 1.000000
vt 0.906250 0.500000
vt 0.875000 1.000000
vt 0.875000 0.500000
vt 0.843750 1.000000
vt 0.843750 0.500000
vt 0.812500 1.000000
vt 0.812500 0.500000
vt 0.781250 1.000000
vt 0.781250 0.500000
vt 0.750000 1.000000
vt 0.750000 0.500000
vt 0.718750 1.000000
vt 0.718750 0.500000
vt 0.687500 1.000000
vt 0.687500 0.500000
vt 0.656250 1.000000
vt 0.656250 0.500000
vt 0.625000 1.000000
vt 0.625000 0.500000
vt 0.593750 1.000000
vt 0.593750 0.500000
vt 0.562500 1.000000
vt 0.562500 0.500000
vt 0.531250 1.000000
vt 0.531250 0.500000
vt 0.500000 1.000000
vt 0.500000 0.500000
vt 0.468750 1.000000
vt 0.468750 0.500000
vt 0.437500 1.000000
vt 0.437500 0.500000
vt 0.406250 1.000000
vt 0.406250 0.500000
vt 0.375000 1.000000
vt 0.375000 0.500000
vt 0.343750 1.000000
vt 0.343750 0.500000
vt 0.312500 1.000000
vt 0.312500 0.500000
vt 0.281250 1.000000
vt 0.281250 0.500000
vt 0.250000 1.000000
vt 0.250000 0.500000
vt 0.218750 1.000000
vt 0.218750 0.500000
vt 0.187500 1.000000
vt 0.187500 0.500000
vt 0.156250 1.000000
vt 0.156250 0.500000
vt 0.125000 1.000000
vt 0.125000 0.500000
vt 0.093750 1.000000
vt 0.093750 0.500000
vt 0.062500 1.000000
vt 0.062500 0.500000
vt 0.296822 0.485388
vt 0.250000 0.490000
vt 0.203178 0.485388
vt 0.158156 0.471731
vt 0.116663 0.449553
vt 0.080294 0.419706
vt 0.050447 0.383337
vt 0.028269 0.341844
vt 0.014612 0.296822
vt 0.010000 0.250000
vt 0.014612 0.203178
vt 0.028269 0.158156
vt 0.050447 0.116663
vt 0.080294 0.080294
vt 0.116663 0.050447
vt 0.158156 0.028269
vt 0.203178 0.014612
vt 0.250000 0.010000
vt 0.296822 0.014612
vt 0.341844 0.028269
vt 0.383337 0.050447
vt 0.419706 0.080294
vt 0.449553 0.116663
vt 0.471731 0.158156
vt 0.485388 0.203178
vt 0.490000 0.250000
vt 0.485388 0.296822
vt 0.471731 0.341844
vt 0.449553 0.383337
vt 0.419706 0.419706
vt 0.383337 0.449553
vt 0.341844 0.471731
vt 0.031250 1.000000
vt 0.031250 0.500000
vt 0.000000 1.000000
vt 0.000000 0.500000
vt 0.750000 0.490000
vt 0.796822 0.485388
vt 0.841844 0.471731
vt 0.883337 0.449553
vt 0.919706 0.419706
vt 0.949553 0.383337
vt 0.971731 0.341844
vt 0.985388 0.296822
vt 0.990000 0.250000
vt 0.985388 0.203178
vt 0.971731 0.158156
vt 0.949553 0.116663
vt 0.919706 0.080294
vt 0.883337 0.050447
vt 0.841844 0.028269
vt 0.796822 0.014612
vt 0.750000 0.010000
vt 0.703178 0.014612
vt 0.658156 0.028269
vt 0.616663 0.050447
vt 0.580294 0.080294
vt 0.550447 0.116663
vt 0.528269 0.158156
vt 0.514612 0.203178
vt 0.510000 0.250000
vt 0.514612 0.296822
vt 0.528269 0.341844
vt 0.550447 0.383337
vt 0.580294 0.419706
vt 0.616663 0.449553
vt 0.658156 0.471731
vt 0.703178 0.485388
s 1
usemtl Material.023
f 777/1153/400 778/1154/400 780/1155/401 779/1156/401
f 779/1156/401 780/1155/401 782/1157/402 781/1158/402
f 781/1158/402 782/1157/402 784/1159/403 783/1160/403
f 783/1160/403 784/1159/403 786/1161/404 785/1162/404
f 785/1162/404 786/1161/404 788/1163/405 787/1164/405
f 787/1164/405 788/1163/405 790/1165/406 789/1166/406
f 789/1166/406 790/1165/406 792/1167/407 791/1168/407
f 791/1168/407 792/1167/407 794/1169/408 793/1170/408
f 793/1170/408 794/1169/408 796/1171/409 795/1172/409
f 795/1172/409 796/1171/409 798/1173/410 797/1174/410
f 797/1174/410 798/1173/410 800/1175/411 799/1176/411
f 799/1176/411 800/1175/411 802/1177/412 801/1178/412
f 801/1178/412 802/1177/412 804/1179/413 803/1180/413
f 803/1180/413 804/1179/413 806/1181/414 805/1182/414
f 805/1182/414 806/1181/414 808/1183/415 807/1184/415
f 807/1184/415 808/1183/415 810/1185/416 809/1186/416
f 809/1186/416 810/1185/416 812/1187/417 811/1188/417
f 811/1188/417 812/1187/417 814/1189/418 813/1190/418
f 813/1190/418 814/1189/418 816/1191/419 815/1192/419
f 815/1192/419 816/1191/419 818/1193/420 817/1194/420
f 817/1194/420 818/1193/420 820/1195/421 819/1196/421
f 819/1196/421 820/1195/421 822/1197/422 821/1198/422
f 821/1198/422 822/1197/422 824/1199/423 823/1200/423
f 823/1200/423 824/1199/423 826/1201/424 825/1202/424
f 825/1202/424 826/1201/424 828/1203/425 827/1204/425
f 827/1204/425 828/1203/425 830/1205/426 829/1206/426
f 829/1206/426 830/1205/426 832/1207/427 831/1208/427
f 831/1208/427 832/1207/427 834/1209/428 833/1210/428
f 833/1210/428 834/1209/428 836/1211/429 835/1212/429
f 835/1212/429 836/1211/429 838/1213/430 837/1214/430
f 780/1215/431 778/1216/431 840/1217/431 838/1218/431 836/1219/431 834/1220/431 832/1221/431 830/1222/431 828/1223/431 826/1224/431 824/1225/431 822/1226/431 820/1227/431 818/1228/431 816/1229/431 814/1230/431 812/1231/431 810/1232/431 808/1233/431 806/1234/431 804/1235/431 802/1236/431 800/1237/431 798/1238/431 796/1239/431 794/1240/431 792/1241/431 790/1242/431 788/1243/431 786/1244/431 784/1245/431 782/1246/431
f 837/1214/430 838/1213/430 840/1247/432 839/1248/432
f 839/1248/432 840/1247/432 778/1249/400 777/1250/400
f 777/1251/433 779/1252/433 781/1253/433 783/1254/433 785/1255/433 787/1256/433 789/1257/433 791/1258/433 793/1259/433 795/1260/433 797/1261/433 799/1262/433 801/1263/433 803/1264/433 805/1265/433 807/1266/433 809/1267/433 811/1268/433 813/1269/433 815/1270/433 817/1271/433 819/1272/433 821/1273/433 823/1274/433 825/1275/433 827/1276/433 829/1277/433 831/1278/433 833/1279/433 835/1280/433 837/1281/433 839/1282/433
o Cylinder.008
v -2.033954 0.589589 0.637422
v -1.910892 1.073205 0.615669
v -2.023415 0.589631 0.638448
v -1.895185 1.073268 0.617245
v -2.013311 0.589672 0.641115
v -1.880128 1.073328 0.621361
v -2.004030 0.589709 0.645321
v -1.866299 1.073384 0.627857
v -1.995928 0.589742 0.650904
v -1.854229 1.073433 0.636485
v -1.989317 0.589769 0.657650
v -1.844383 1.073473 0.646912
v -1.984451 0.589789 0.665299
v -1.837138 1.073503 0.658738
v -1.981517 0.589801 0.673557
v -1.832773 1.073521 0.671508
v -1.980628 0.589805 0.682107
v -1.831456 1.073527 0.684732
v -1.981817 0.589801 0.690621
v -1.833237 1.073521 0.697901
v -1.985040 0.589789 0.698770
v -1.838048 1.073503 0.710510
v -1.990172 0.589769 0.706243
v -1.845705 1.073473 0.722074
v -1.997016 0.589742 0.712752
v -1.855912 1.073433 0.732148
v -2.005310 0.589709 0.718047
v -1.868278 1.073384 0.740345
v -2.014733 0.589672 0.721923
v -1.882327 1.073328 0.746351
v -2.024925 0.589631 0.724234
v -1.897520 1.073268 0.749934
v -2.035493 0.589589 0.724888
v -1.913272 1.073205 0.750957
v -2.046032 0.589547 0.723862
v -1.928978 1.073142 0.749381
v -2.056137 0.589506 0.721195
v -1.944036 1.073082 0.745265
v -2.065418 0.589469 0.716989
v -1.957865 1.073026 0.738769
v -2.073519 0.589436 0.711406
v -1.969934 1.072977 0.730142
v -2.080131 0.589409 0.704660
v -1.979781 1.072937 0.719715
v -2.084996 0.589389 0.697012
v -1.987026 1.072908 0.707889
v -2.087931 0.589377 0.688754
v -1.991391 1.072889 0.695119
v -2.088820 0.589373 0.680203
v -1.992708 1.072883 0.681895
v -2.087630 0.589377 0.671690
v -1.990926 1.072889 0.668725
v -2.084408 0.589389 0.663540
v -1.986115 1.072908 0.656116
v -2.079276 0.589409 0.656067
v -1.978458 1.072937 0.644552
v -2.072432 0.589436 0.649558
v -1.968251 1.072977 0.634478
v -2.064138 0.589469 0.644264
v -1.955885 1.073026 0.626281
v -2.054715 0.589506 0.640387
v -1.941836 1.073082 0.620275
v -2.044523 0.589547 0.638077
v -1.926644 1.073142 0.616692
vn -0.0163 -0.0408 -0.9990
vn 0.0507 -0.0577 -0.9970
vn 0.2101 -0.0983 -0.9727
vn 0.1465 -0.0821 -0.9858
vn 0.3655 -0.1382 -0.9205
vn 0.3083 -0.1234 -0.9433
vn 0.5148 -0.1768 -0.8388
vn 0.4666 -0.1643 -0.8691
vn 0.6541 -0.2132 -0.7257
vn 0.6171 -0.2035 -0.7601
vn 0.7768 -0.2456 -0.5799
vn 0.7524 -0.2391 -0.6138
vn 0.8741 -0.2717 -0.4026
vn 0.8618 -0.2684 -0.4304
vn 0.9363 -0.2888 -0.1998
vn 0.9330 -0.2879 -0.2158
vn 0.9554 -0.2948 0.0171
vn 0.9554 -0.2948 0.0166
vn 0.9285 -0.2888 0.2333
vn 0.9250 -0.2879 0.2481
vn 0.8592 -0.2716 0.4336
vn 0.8463 -0.2684 0.4601
vn 0.7557 -0.2455 0.6072
vn 0.7304 -0.2392 0.6397
vn 0.6280 -0.2132 0.7484
vn 0.5901 -0.2035 0.7813
vn 0.4850 -0.1768 0.8565
vn 0.4358 -0.1643 0.8849
vn 0.3329 -0.1382 0.9328
vn 0.2749 -0.1234 0.9535
vn 0.1758 -0.0983 0.9795
vn 0.1117 -0.0821 0.9903
vn 0.0157 -0.0577 0.9982
vn -0.0514 -0.0408 0.9978
vn -0.1462 -0.0168 0.9891
vn -0.2130 0.0001 0.9770
vn -0.3087 0.0242 0.9508
vn -0.3716 0.0401 0.9275
vn -0.4696 0.0647 0.8805
vn -0.5248 0.0786 0.8476
vn -0.6245 0.1037 0.7741
vn -0.6683 0.1147 0.7350
vn -0.7654 0.1392 0.6283
vn -0.7951 0.1467 0.5885
vn -0.8808 0.1685 0.4425
vn -0.8960 0.1723 0.4092
vn -0.9566 0.1880 0.2226
vn -0.9607 0.1891 0.2032
vn -0.9807 0.1949 -0.0171
vn -0.9807 0.1949 -0.0175
vn -0.9483 0.1880 -0.2558
vn -0.9528 0.1891 -0.2374
vn -0.8648 0.1685 -0.4730
vn -0.8809 0.1723 -0.4408
vn -0.7429 0.1392 -0.6547
vn -0.7737 0.1467 -0.6163
vn -0.5969 0.1037 -0.7955
vn -0.6419 0.1147 -0.7582
vn -0.4385 0.0648 -0.8964
vn -0.4946 0.0786 -0.8655
vn -0.2752 0.0242 -0.9611
vn -0.3388 0.0401 -0.9400
vn -0.0040 1.0000 -0.0001
vn -0.1115 -0.0168 -0.9936
vn -0.1785 0.0001 -0.9839
vn 0.0040 -1.0000 0.0001
vt 1.000000 0.500000
vt 1.000000 1.000000
vt 0.968750 1.000000
vt 0.968750 0.500000
vt 0.937500 1.000000
vt 0.937500 0.500000
vt 0.906250 1.000000
vt 0.906250 0.500000
vt 0.875000 1.000000
vt 0.875000 0.500000
vt 0.843750 1.000000
vt 0.843750 0.500000
vt 0.812500 1.000000
vt 0.812500 0.500000
vt 0.781250 1.000000
vt 0.781250 0.500000
vt 0.750000 1.000000
vt 0.750000 0.500000
vt 0.718750 1.000000
vt 0.718750 0.500000
vt 0.687500 1.000000
vt 0.687500 0.500000
vt 0.656250 1.000000
vt 0.656250 0.500000
vt 0.625000 1.000000
vt 0.625000 0.500000
vt 0.593750 1.000000
vt 0.593750 0.500000
vt 0.562500 1.000000
vt 0.562500 0.500000
vt 0.531250 1.000000
vt 0.531250 0.500000
vt 0.500000 1.000000
vt 0.500000 0.500000
vt 0.468750 1.000000
vt 0.468750 0.500000
vt 0.437500 1.000000
vt 0.437500 0.500000
vt 0.406250 1.000000
vt 0.406250 0.500000
vt 0.375000 1.000000
vt 0.375000 0.500000
vt 0.343750 1.000000
vt 0.343750 0.500000
vt 0.312500 1.000000
vt 0.312500 0.500000
vt 0.281250 1.000000
vt 0.281250 0.500000
vt 0.250000 1.000000
vt 0.250000 0.500000
vt 0.218750 1.000000
vt 0.218750 0.500000
vt 0.187500 1.000000
vt 0.187500 0.500000
vt 0.156250 1.000000
vt 0.156250 0.500000
vt 0.125000 1.000000
vt 0.125000 0.500000
vt 0.093750 1.000000
vt 0.093750 0.500000
vt 0.062500 1.000000
vt 0.062500 0.500000
vt 0.296822 0.485388
vt 0.250000 0.490000
vt 0.203178 0.485388
vt 0.158156 0.471731
vt 0.116663 0.449553
vt 0.080294 0.419706
vt 0.050447 0.383337
vt 0.028269 0.341844
vt 0.014612 0.296822
vt 0.010000 0.250000
vt 0.014612 0.203178
vt 0.028269 0.158156
vt 0.050447 0.116663
vt 0.080294 0.080294
vt 0.116663 0.050447
vt 0.158156 0.028269
vt 0.203178 0.014612
vt 0.250000 0.010000
vt 0.296822 0.014612
vt 0.341844 0.028269
vt 0.383337 0.050447
vt 0.419706 0.080294
vt 0.449553 0.116663
vt 0.471731 0.158156
vt 0.485388 0.203178
vt 0.490000 0.250000
vt 0.485388 0.296822
vt 0.471731 0.341844
vt 0.449553 0.383337
vt 0.419706 0.419706
vt 0.383337 0.449553
vt 0.341844 0.471731
vt 0.031250 1.000000
vt 0.031250 0.500000
vt 0.000000 1.000000
vt 0.000000 0.500000
vt 0.750000 0.490000
vt 0.796822 0.485388
vt 0.841844 0.471731
vt 0.883337 0.449553
vt 0.919706 0.419706
vt 0.949553 0.383337
vt 0.971731 0.341844
vt 0.985388 0.296822
vt 0.990000 0.250000
vt 0.985388 0.203178
vt 0.971731 0.158156
vt 0.949553 0.116663
vt 0.919706 0.080294
vt 0.883337 0.050447
vt 0.841844 0.028269
vt 0.796822 0.014612
vt 0.750000 0.010000
vt 0.703178 0.014612
vt 0.658156 0.028269
vt 0.616663 0.050447
vt 0.580294 0.080294
vt 0.550447 0.116663
vt 0.528269 0.158156
vt 0.514612 0.203178
vt 0.510000 0.250000
vt 0.514612 0.296822
vt 0.528269 0.341844
vt 0.550447 0.383337
vt 0.580294 0.419706
vt 0.616663 0.449553
vt 0.658156 0.471731
vt 0.703178 0.485388
s 1
usemtl Material.032
f 841/1283/434 842/1284/435 844/1285/436 843/1286/437
f 843/1286/437 844/1285/436 846/1287/438 845/1288/439
f 845/1288/439 846/1287/438 848/1289/440 847/1290/441
f 847/1290/441 848/1289/440 850/1291/442 849/1292/443
f 849/1292/443 850/1291/442 852/1293/444 851/1294/445
f 851/1294/445 852/1293/444 854/1295/446 853/1296/447
f 853/1296/447 854/1295/446 856/1297/448 855/1298/449
f 855/1298/449 856/1297/448 858/1299/450 857/1300/451
f 857/1300/451 858/1299/450 860/1301/452 859/1302/453
f 859/1302/453 860/1301/452 862/1303/454 861/1304/455
f 861/1304/455 862/1303/454 864/1305/456 863/1306/457
f 863/1306/457 864/1305/456 866/1307/458 865/1308/459
f 865/1308/459 866/1307/458 868/1309/460 867/1310/461
f 867/1310/461 868/1309/460 870/1311/462 869/1312/463
f 869/1312/463 870/1311/462 872/1313/464 871/1314/465
f 871/1314/465 872/1313/464 874/1315/466 873/1316/467
f 873/1316/467 874/1315/466 876/1317/468 875/1318/469
f 875/1318/469 876/1317/468 878/1319/470 877/1320/471
f 877/1320/471 878/1319/470 880/1321/472 879/1322/473
f 879/1322/473 880/1321/472 882/1323/474 881/1324/475
f 881/1324/475 882/1323/474 884/1325/476 883/1326/477
f 883/1326/477 884/1325/476 886/1327/478 885/1328/479
f 885/1328/479 886/1327/478 888/1329/480 887/1330/481
f 887/1330/481 888/1329/480 890/1331/482 889/1332/483
f 889/1332/483 890/1331/482 892/1333/484 891/1334/485
f 891/1334/485 892/1333/484 894/1335/486 893/1336/487
f 893/1336/487 894/1335/486 896/1337/488 895/1338/489
f 895/1338/489 896/1337/488 898/1339/490 897/1340/491
f 897/1340/491 898/1339/490 900/1341/492 899/1342/493
f 899/1342/493 900/1341/492 902/1343/494 901/1344/495
f 844/1345/496 842/1346/496 904/1347/496 902/1348/496 900/1349/496 898/1350/496 896/1351/496 894/1352/496 892/1353/496 890/1354/496 888/1355/496 886/1356/496 884/1357/496 882/1358/496 880/1359/496 878/1360/496 876/1361/496 874/1362/496 872/1363/496 870/1364/496 868/1365/496 866/1366/496 864/1367/496 862/1368/496 860/1369/496 858/1370/496 856/1371/496 854/1372/496 852/1373/496 850/1374/496 848/1375/496 846/1376/496
f 901/1344/495 902/1343/494 904/1377/497 903/1378/498
f 903/1378/498 904/1377/497 842/1379/435 841/1380/434
f 841/1381/499 843/1382/499 845/1383/499 847/1384/499 849/1385/499 851/1386/499 853/1387/499 855/1388/499 857/1389/499 859/1390/499 861/1391/499 863/1392/499 865/1393/499 867/1394/499 869/1395/499 871/1396/499 873/1397/499 875/1398/499 877/1399/499 879/1400/499 881/1401/499 883/1402/499 885/1403/499 887/1404/499 889/1405/499 891/1406/499 893/1407/499 895/1408/499 897/1409/499 899/1410/499 901/1411/499 903/1412/499
o Cylinder.009
v 2.030404 0.595585 0.721343
v 1.889860 1.074742 0.733926
v 2.019829 0.595177 0.721691
v 1.874094 1.074131 0.734397
v 2.009475 0.594690 0.720357
v 1.858647 1.073397 0.732269
v 1.999741 0.594143 0.717392
v 1.844115 1.072569 0.727625
v 1.991001 0.593558 0.712912
v 1.831054 1.071679 0.720644
v 1.983590 0.592956 0.707088
v 1.819968 1.070761 0.711592
v 1.977794 0.592360 0.700143
v 1.811282 1.069850 0.700819
v 1.973834 0.591795 0.692345
v 1.805330 1.068982 0.688738
v 1.971865 0.591281 0.683993
v 1.802341 1.068188 0.675813
v 1.971959 0.590837 0.675409
v 1.802428 1.067501 0.662542
v 1.974115 0.590483 0.666922
v 1.805591 1.066947 0.649434
v 1.978249 0.590230 0.658858
v 1.811706 1.066545 0.636993
v 1.984203 0.590088 0.651527
v 1.820539 1.066314 0.625696
v 1.991748 0.590064 0.645212
v 1.831750 1.066260 0.615979
v 2.000594 0.590157 0.640154
v 1.844909 1.066386 0.608215
v 2.010400 0.590365 0.636548
v 1.859509 1.066688 0.602701
v 2.020790 0.590679 0.634532
v 1.874991 1.067153 0.599651
v 2.031366 0.591087 0.634185
v 1.890758 1.067764 0.599180
v 2.041719 0.591574 0.635520
v 1.906203 1.068498 0.601308
v 2.051453 0.592121 0.638483
v 1.920736 1.069325 0.605952
v 2.060193 0.592706 0.642964
v 1.933797 1.070215 0.612933
v 2.067604 0.593308 0.648789
v 1.944883 1.071133 0.621985
v 2.073400 0.593903 0.655733
v 1.953569 1.072045 0.632758
v 2.077360 0.594469 0.663531
v 1.959521 1.072913 0.644839
v 2.079330 0.594983 0.671883
v 1.962510 1.073707 0.657764
v 2.079235 0.595426 0.680467
v 1.962422 1.074394 0.671035
v 2.077080 0.595781 0.688954
v 1.959259 1.074949 0.684143
v 2.072945 0.596034 0.697018
v 1.953145 1.075350 0.696585
v 2.066991 0.596175 0.704349
v 1.944312 1.075582 0.707880
v 2.059446 0.596200 0.710664
v 1.933100 1.075635 0.717598
v 2.050601 0.596107 0.715722
v 1.919942 1.075509 0.725362
v 2.040794 0.595899 0.719328
v 1.905341 1.075207 0.730875
vn 0.1475 0.0173 0.9889
vn 0.0760 -0.0038 0.9971
vn -0.0847 -0.0521 0.9950
vn -0.0119 -0.0301 0.9995
vn -0.2447 -0.1010 0.9643
vn -0.1743 -0.0794 0.9815
vn -0.4019 -0.1500 0.9033
vn -0.3379 -0.1299 0.9322
vn -0.5527 -0.1979 0.8095
vn -0.4987 -0.1806 0.8477
vn -0.6909 -0.2430 0.6809
vn -0.6501 -0.2295 0.7243
vn -0.8076 -0.2824 0.5178
vn -0.7818 -0.2735 0.5603
vn -0.8925 -0.3127 0.3249
vn -0.8807 -0.3084 0.3594
vn -0.9368 -0.3311 0.1127
vn -0.9346 -0.3300 0.1329
vn -0.9361 -0.3358 -0.1044
vn -0.9364 -0.3358 -0.1014
vn -0.8923 -0.3270 -0.3113
vn -0.8880 -0.3260 -0.3244
vn -0.8122 -0.3068 -0.4962
vn -0.7981 -0.3030 -0.5208
vn -0.7050 -0.2777 -0.6525
vn -0.6785 -0.2703 -0.6831
vn -0.5791 -0.2423 -0.7784
vn -0.5398 -0.2311 -0.8094
vn -0.4408 -0.2027 -0.8744
vn -0.3897 -0.1879 -0.9016
vn -0.2941 -0.1600 -0.9423
vn -0.2330 -0.1422 -0.9620
vn -0.1411 -0.1151 -0.9833
vn -0.0725 -0.0948 -0.9929
vn 0.0169 -0.0683 -0.9975
vn 0.0903 -0.0464 -0.9948
vn 0.1792 -0.0197 -0.9836
vn 0.2535 0.0027 -0.9673
vn 0.3443 0.0303 -0.9384
vn 0.4149 0.0518 -0.9084
vn 0.5085 0.0806 -0.8573
vn 0.5704 0.0998 -0.8153
vn 0.6650 0.1294 -0.7356
vn 0.7131 0.1447 -0.6860
vn 0.8026 0.1737 -0.5706
vn 0.8337 0.1839 -0.5208
vn 0.9070 0.2090 -0.3656
vn 0.9213 0.2142 -0.3247
vn 0.9639 0.2313 -0.1323
vn 0.9665 0.2326 -0.1086
vn 0.9652 0.2375 0.1097
vn 0.9649 0.2375 0.1122
vn 0.9129 0.2278 0.3388
vn 0.9186 0.2291 0.3220
vn 0.8172 0.2047 0.5387
vn 0.8351 0.2092 0.5087
vn 0.6917 0.1718 0.7015
vn 0.7241 0.1804 0.6657
vn 0.5479 0.1324 0.8260
vn 0.5944 0.1453 0.7910
vn 0.3945 0.0891 0.9146
vn 0.4525 0.1056 0.8855
vn -0.0402 0.9978 -0.0519
vn 0.2363 0.0434 0.9707
vn 0.3027 0.0627 0.9510
vn 0.0402 -0.9978 0.0519
vt 1.000000 0.500000
vt 1.000000 1.000000
vt 0.968750 1.000000
vt 0.968750 0.500000
vt 0.937500 1.000000
vt 0.937500 0.500000
vt 0.906250 1.000000
vt 0.906250 0.500000
vt 0.875000 1.000000
vt 0.875000 0.500000
vt 0.843750 1.000000
vt 0.843750 0.500000
vt 0.812500 1.000000
vt 0.812500 0.500000
vt 0.781250 1.000000
vt 0.781250 0.500000
vt 0.750000 1.000000
vt 0.750000 0.500000
vt 0.718750 1.000000
vt 0.718750 0.500000
vt 0.687500 1.000000
vt 0.687500 0.500000
vt 0.656250 1.000000
vt 0.656250 0.500000
vt 0.625000 1.000000
vt 0.625000 0.500000
vt 0.593750 1.000000
vt 0.593750 0.500000
vt 0.562500 1.000000
vt 0.562500 0.500000
vt 0.531250 1.000000
vt 0.531250 0.500000
vt 0.500000 1.000000
vt 0.500000 0.500000
vt 0.468750 1.000000
vt 0.468750 0.500000
vt 0.437500 1.000000
vt 0.437500 0.500000
vt 0.406250 1.000000
vt 0.406250 0.500000
vt 0.375000 1.000000
vt 0.375000 0.500000
vt 0.343750 1.000000
vt 0.343750 0.500000
vt 0.312500 1.000000
vt 0.312500 0.500000
vt 0.281250 1.000000
vt 0.281250 0.500000
vt 0.250000 1.000000
vt 0.250000 0.500000
vt 0.218750 1.000000
vt 0.218750 0.500000
vt 0.187500 1.000000
vt 0.187500 0.500000
vt 0.156250 1.000000
vt 0.156250 0.500000
vt 0.125000 1.000000
vt 0.125000 0.500000
vt 0.093750 1.000000
vt 0.093750 0.500000
vt 0.062500 1.000000
vt 0.062500 0.500000
vt 0.296822 0.485388
vt 0.250000 0.490000
vt 0.203178 0.485388
vt 0.158156 0.471731
vt 0.116663 0.449553
vt 0.080294 0.419706
vt 0.050447 0.383337
vt 0.028269 0.341844
vt 0.014612 0.296822
vt 0.010000 0.250000
vt 0.014612 0.203178
vt 0.028269 0.158156
vt 0.050447 0.116663
vt 0.080294 0.080294
vt 0.116663 0.050447
vt 0.158156 0.028269
vt 0.203178 0.014612
vt 0.250000 0.010000
vt 0.296822 0.014612
vt 0.341844 0.028269
vt 0.383337 0.050447
vt 0.419706 0.080294
vt 0.449553 0.116663
vt 0.471731 0.158156
vt 0.485388 0.203178
vt 0.490000 0.250000
vt 0.485388 0.296822
vt 0.471731 0.341844
vt 0.449553 0.383337
vt 0.419706 0.419706
vt 0.383337 0.449553
vt 0.341844 0.471731
vt 0.031250 1.000000
vt 0.031250 0.500000
vt 0.000000 1.000000
vt 0.000000 0.500000
vt 0.750000 0.490000
vt 0.796822 0.485388
vt 0.841844 0.471731
vt 0.883337 0.449553
vt 0.919706 0.419706
vt 0.949553 0.383337
vt 0.971731 0.341844
vt 0.985388 0.296822
vt 0.990000 0.250000
vt 0.985388 0.203178
vt 0.971731 0.158156
vt 0.949553 0.116663
vt 0.919706 0.080294
vt 0.883337 0.050447
vt 0.841844 0.028269
vt 0.796822 0.014612
vt 0.750000 0.010000
vt 0.703178 0.014612
vt 0.658156 0.028269
vt 0.616663 0.050447
vt 0.580294 0.080294
vt 0.550447 0.116663
vt 0.528269 0.158156
vt 0.514612 0.203178
vt 0.510000 0.250000
vt 0.514612 0.296822
vt 0.528269 0.341844
vt 0.550447 0.383337
vt 0.580294 0.419706
vt 0.616663 0.449553
vt 0.658156 0.471731
vt 0.703178 0.485388
s 1
usemtl Material.030
f 905/1413/500 906/1414/501 908/1415/502 907/1416/503
f 907/1416/503 908/1415/502 910/1417/504 909/1418/505
f 909/1418/505 910/1417/504 912/1419/506 911/1420/507
f 911/1420/507 912/1419/506 914/1421/508 913/1422/509
f 913/1422/509 914/1421/508 916/1423/510 915/1424/511
f 915/1424/511 916/1423/510 918/1425/512 917/1426/513
f 917/1426/513 918/1425/512 920/1427/514 919/1428/515
f 919/1428/515 920/1427/514 922/1429/516 921/1430/517
f 921/1430/517 922/1429/516 924/1431/518 923/1432/519
f 923/1432/519 924/1431/518 926/1433/520 925/1434/521
f 925/1434/521 926/1433/520 928/1435/522 927/1436/523
f 927/1436/523 928/1435/522 930/1437/524 929/1438/525
f 929/1438/525 930/1437/524 932/1439/526 931/1440/527
f 931/1440/527 932/1439/526 934/1441/528 933/1442/529
f 933/1442/529 934/1441/528 936/1443/530 935/1444/531
f 935/1444/531 936/1443/530 938/1445/532 937/1446/533
f 937/1446/533 938/1445/532 940/1447/534 939/1448/535
f 939/1448/535 940/1447/534 942/1449/536 941/1450/537
f 941/1450/537 942/1449/536 944/1451/538 943/1452/539
f 943/1452/539 944/1451/538 946/1453/540 945/1454/541
f 945/1454/541 946/1453/540 948/1455/542 947/1456/543
f 947/1456/543 948/1455/542 950/1457/544 949/1458/545
f 949/1458/545 950/1457/544 952/1459/546 951/1460/547
f 951/1460/547 952/1459/546 954/1461/548 953/1462/549
f 953/1462/549 954/1461/548 956/1463/550 955/1464/551
f 955/1464/551 956/1463/550 958/1465/552 957/1466/553
f 957/1466/553 958/1465/552 960/1467/554 959/1468/555
f 959/1468/555 960/1467/554 962/1469/556 961/1470/557
f 961/1470/557 962/1469/556 964/1471/558 963/1472/559
f 963/1472/559 964/1471/558 966/1473/560 965/1474/561
f 908/1475/562 906/1476/562 968/1477/562 966/1478/562 964/1479/562 962/1480/562 960/1481/562 958/1482/562 956/1483/562 954/1484/562 952/1485/562 950/1486/562 948/1487/562 946/1488/562 944/1489/562 942/1490/562 940/1491/562 938/1492/562 936/1493/562 934/1494/562 932/1495/562 930/1496/562 928/1497/562 926/1498/562 924/1499/562 922/1500/562 920/1501/562 918/1502/562 916/1503/562 914/1504/562 912/1505/562 910/1506/562
f 965/1474/561 966/1473/560 968/1507/563 967/1508/564
f 967/1508/564 968/1507/563 906/1509/501 905/1510/500
f 905/1511/565 907/1512/565 909/1513/565 911/1514/565 913/1515/565 915/1516/565 917/1517/565 919/1518/565 921/1519/565 923/1520/565 925/1521/565 927/1522/565 929/1523/565 931/1524/565 933/1525/565 935/1526/565 937/1527/565 939/1528/565 941/1529/565 943/1530/565 945/1531/565 947/1532/565 949/1533/565 951/1534/565 953/1535/565 955/1536/565 957/1537/565 959/1538/565 961/1539/565 963/1540/565 965/1541/565 967/1542/565
o Cylinder.010
v -2.034733 0.589589 -0.528647
v -1.912072 1.073205 -0.552562
v -2.024178 0.589631 -0.527807
v -1.896341 1.073268 -0.551262
v -2.014028 0.589672 -0.525318
v -1.881213 1.073328 -0.547412
v -2.004675 0.589709 -0.521276
v -1.867272 1.073384 -0.541160
v -1.996476 0.589742 -0.515836
v -1.855052 1.073433 -0.532747
v -1.989747 0.589769 -0.509208
v -1.845024 1.073473 -0.522495
v -1.984747 0.589789 -0.501646
v -1.837572 1.073503 -0.510798
v -1.981669 0.589801 -0.493441
v -1.832983 1.073521 -0.498106
v -1.980629 0.589805 -0.484908
v -1.831434 1.073527 -0.484907
v -1.981669 0.589801 -0.476374
v -1.832983 1.073521 -0.471709
v -1.984747 0.589789 -0.468169
v -1.837572 1.073503 -0.459017
v -1.989747 0.589769 -0.460607
v -1.845024 1.073473 -0.447321
v -1.996476 0.589742 -0.453979
v -1.855052 1.073433 -0.437068
v -2.004675 0.589709 -0.448539
v -1.867272 1.073384 -0.428655
v -2.014028 0.589672 -0.444497
v -1.881213 1.073328 -0.422403
v -2.024178 0.589631 -0.442008
v -1.896341 1.073268 -0.418553
v -2.034733 0.589589 -0.441168
v -1.912072 1.073205 -0.417253
v -2.045289 0.589547 -0.442008
v -1.927804 1.073142 -0.418553
v -2.055438 0.589506 -0.444497
v -1.942931 1.073082 -0.422403
v -2.064792 0.589469 -0.448539
v -1.956872 1.073026 -0.428655
v -2.072991 0.589436 -0.453979
v -1.969092 1.072977 -0.437068
v -2.079720 0.589409 -0.460607
v -1.979121 1.072937 -0.447321
v -2.084719 0.589389 -0.468169
v -1.986572 1.072908 -0.459017
v -2.087798 0.589377 -0.476374
v -1.991161 1.072889 -0.471709
v -2.088838 0.589373 -0.484908
v -1.992711 1.072883 -0.484907
v -2.087798 0.589377 -0.493441
v -1.991161 1.072889 -0.498106
v -2.084719 0.589389 -0.501646
v -1.986572 1.072908 -0.510798
v -2.079720 0.589409 -0.509208
v -1.979121 1.072937 -0.522495
v -2.072991 0.589436 -0.515836
v -1.969092 1.072977 -0.532747
v -2.064792 0.589469 -0.521276
v -1.956872 1.073026 -0.541160
v -2.055438 0.589506 -0.525318
v -1.942931 1.073082 -0.547412
v -2.045289 0.589547 -0.527807
v -1.927804 1.073142 -0.551262
vn -0.0338 -0.0408 -0.9986
vn 0.0332 -0.0577 -0.9978
vn 0.1930 -0.0983 -0.9763
vn 0.1291 -0.0821 -0.9882
vn 0.3493 -0.1382 -0.9268
vn 0.2916 -0.1234 -0.9485
vn 0.5000 -0.1768 -0.8478
vn 0.4513 -0.1643 -0.8771
vn 0.6412 -0.2132 -0.7372
vn 0.6037 -0.2035 -0.7708
vn 0.7664 -0.2456 -0.5936
vn 0.7415 -0.2391 -0.6269
vn 0.8668 -0.2717 -0.4182
vn 0.8542 -0.2684 -0.4453
vn 0.9326 -0.2888 -0.2166
vn 0.9291 -0.2879 -0.2320
vn 0.9556 -0.2948 -0.0000
vn 0.9326 -0.2888 0.2166
vn 0.9291 -0.2879 0.2320
vn 0.8668 -0.2717 0.4182
vn 0.8542 -0.2684 0.4453
vn 0.7664 -0.2456 0.5936
vn 0.7415 -0.2391 0.6269
vn 0.6412 -0.2132 0.7372
vn 0.6037 -0.2035 0.7708
vn 0.5000 -0.1768 0.8478
vn 0.4513 -0.1643 0.8771
vn 0.3493 -0.1382 0.9268
vn 0.2916 -0.1234 0.9485
vn 0.1930 -0.0983 0.9763
vn 0.1291 -0.0821 0.9882
vn 0.0332 -0.0577 0.9978
vn -0.0338 -0.0408 0.9986
vn -0.1289 -0.0168 0.9915
vn -0.1958 0.0001 0.9806
vn -0.2920 0.0242 0.9561
vn -0.3553 0.0401 0.9339
vn -0.4541 0.0648 0.8886
vn -0.5098 0.0786 0.8567
vn -0.6108 0.1037 0.7850
vn -0.6552 0.1147 0.7467
vn -0.7543 0.1392 0.6416
vn -0.7845 0.1467 0.6025
vn -0.8729 0.1685 0.4578
vn -0.8886 0.1723 0.4251
vn -0.9526 0.1880 0.2393
vn -0.9569 0.1891 0.2204
vn -0.9808 0.1949 -0.0000
vn -0.9526 0.1880 -0.2393
vn -0.9569 0.1891 -0.2204
vn -0.8729 0.1685 -0.4578
vn -0.8886 0.1723 -0.4251
vn -0.7543 0.1392 -0.6416
vn -0.7845 0.1467 -0.6025
vn -0.6108 0.1037 -0.7850
vn -0.6552 0.1147 -0.7467
vn -0.4541 0.0648 -0.8886
vn -0.5098 0.0786 -0.8567
vn -0.2920 0.0242 -0.9561
vn -0.3553 0.0401 -0.9339
vn -0.0040 1.0000 -0.0000
vn -0.1289 -0.0168 -0.9915
vn -0.1958 0.0001 -0.9806
vn 0.0040 -1.0000 -0.0000
vt 1.000000 0.500000
vt 1.000000 1.000000
vt 0.968750 1.000000
vt 0.968750 0.500000
vt 0.937500 1.000000
vt 0.937500 0.500000
vt 0.906250 1.000000
vt 0.906250 0.500000
vt 0.875000 1.000000
vt 0.875000 0.500000
vt 0.843750 1.000000
vt 0.843750 0.500000
vt 0.812500 1.000000
vt 0.812500 0.500000
vt 0.781250 1.000000
vt 0.781250 0.500000
vt 0.750000 1.000000
vt 0.750000 0.500000
vt 0.718750 1.000000
vt 0.718750 0.500000
vt 0.687500 1.000000
vt 0.687500 0.500000
vt 0.656250 1.000000
vt 0.656250 0.500000
vt 0.625000 1.000000
vt 0.625000 0.500000
vt 0.593750 1.000000
vt 0.593750 0.500000
vt 0.562500 1.000000
vt 0.562500 0.500000
vt 0.531250 1.000000
vt 0.531250 0.500000
vt 0.500000 1.000000
vt 0.500000 0.500000
vt 0.468750 1.000000
vt 0.468750 0.500000
vt 0.437500 1.000000
vt 0.437500 0.500000
vt 0.406250 1.000000
vt 0.406250 0.500000
vt 0.375000 1.000000
vt 0.375000 0.500000
vt 0.343750 1.000000
vt 0.343750 0.500000
vt 0.312500 1.000000
vt 0.312500 0.500000
vt 0.281250 1.000000
vt 0.281250 0.500000
vt 0.250000 1.000000
vt 0.250000 0.500000
vt 0.218750 1.000000
vt 0.218750 0.500000
vt 0.187500 1.000000
vt 0.187500 0.500000
vt 0.156250 1.000000
vt 0.156250 0.500000
vt 0.125000 1.000000
vt 0.125000 0.500000
vt 0.093750 1.000000
vt 0.093750 0.500000
vt 0.062500 1.000000
vt 0.062500 0.500000
vt 0.296822 0.485388
vt 0.250000 0.490000
vt 0.203178 0.485388
vt 0.158156 0.471731
vt 0.116663 0.449553
vt 0.080294 0.419706
vt 0.050447 0.383337
vt 0.028269 0.341844
vt 0.014612 0.296822
vt 0.010000 0.250000
vt 0.014612 0.203178
vt 0.028269 0.158156
vt 0.050447 0.116663
vt 0.080294 0.080294
vt 0.116663 0.050447
vt 0.158156 0.028269
vt 0.203178 0.014612
vt 0.250000 0.010000
vt 0.296822 0.014612
vt 0.341844 0.028269
vt 0.383337 0.050447
vt 0.419706 0.080294
vt 0.449553 0.116663
vt 0.471731 0.158156
vt 0.485388 0.203178
vt 0.490000 0.250000
vt 0.485388 0.296822
vt 0.471731 0.341844
vt 0.449553 0.383337
vt 0.419706 0.419706
vt 0.383337 0.449553
vt 0.341844 0.471731
vt 0.031250 1.000000
vt 0.031250 0.500000
vt 0.000000 1.000000
vt 0.000000 0.500000
vt 0.750000 0.490000
vt 0.796822 0.485388
vt 0.841844 0.471731
vt 0.883337 0.449553
vt 0.919706 0.419706
vt 0.949553 0.383337
vt 0.971731 0.341844
vt 0.985388 0.296822
vt 0.990000 0.250000
vt 0.985388 0.203178
vt 0.971731 0.158156
vt 0.949553 0.116663
vt 0.919706 0.080294
vt 0.883337 0.050447
vt 0.841844 0.028269
vt 0.796822 0.014612
vt 0.750000 0.010000
vt 0.703178 0.014612
vt 0.658156 0.028269
vt 0.616663 0.050447
vt 0.580294 0.080294
vt 0.550447 0.116663
vt 0.528269 0.158156
vt 0.514612 0.203178
vt 0.510000 0.250000
vt 0.514612 0.296822
vt 0.528269 0.341844
vt 0.550447 0.383337
vt 0.580294 0.419706
vt 0.616663 0.449553
vt 0.658156 0.471731
vt 0.703178 0.485388
s 1
usemtl Material.033
f 969/1543/566 970/1544/567 972/1545/568 971/1546/569
f 971/1546/569 972/1545/568 974/1547/570 973/1548/571
f 973/1548/571 974/1547/570 976/1549/572 975/1550/573
f 975/1550/573 976/1549/572 978/1551/574 977/1552/575
f 977/1552/575 978/1551/574 980/1553/576 979/1554/577
f 979/1554/577 980/1553/576 982/1555/578 981/1556/579
f 981/1556/579 982/1555/578 984/1557/580 983/1558/581
f 983/1558/581 984/1557/580 986/1559/582 985/1560/582
f 985/1560/582 986/1559/582 988/1561/583 987/1562/584
f 987/1562/584 988/1561/583 990/1563/585 989/1564/586
f 989/1564/586 990/1563/585 992/1565/587 991/1566/588
f 991/1566/588 992/1565/587 994/1567/589 993/1568/590
f 993/1568/590 994/1567/589 996/1569/591 995/1570/592
f 995/1570/592 996/1569/591 998/1571/593 997/1572/594
f 997/1572/594 998/1571/593 1000/1573/595 999/1574/596
f 999/1574/596 1000/1573/595 1002/1575/597 1001/1576/598
f 1001/1576/598 1002/1575/597 1004/1577/599 1003/1578/600
f 1003/1578/600 1004/1577/599 1006/1579/601 1005/1580/602
f 1005/1580/602 1006/1579/601 1008/1581/603 1007/1582/604
f 1007/1582/604 1008/1581/603 1010/1583/605 1009/1584/606
f 1009/1584/606 1010/1583/605 1012/1585/607 1011/1586/608
f 1011/1586/608 1012/1585/607 1014/1587/609 1013/1588/610
f 1013/1588/610 1014/1587/609 1016/1589/611 1015/1590/612
f 1015/1590/612 1016/1589/611 1018/1591/613 1017/1592/613
f 1017/1592/613 1018/1591/613 1020/1593/614 1019/1594/615
f 1019/1594/615 1020/1593/614 1022/1595/616 1021/1596/617
f 1021/1596/617 1022/1595/616 1024/1597/618 1023/1598/619
f 1023/1598/619 1024/1597/618 1026/1599/620 1025/1600/621
f 1025/1600/621 1026/1599/620 1028/1601/622 1027/1602/623
f 1027/1602/623 1028/1601/622 1030/1603/624 1029/1604/625
f 972/1605/626 970/1606/626 1032/1607/626 1030/1608/626 1028/1609/626 1026/1610/626 1024/1611/626 1022/1612/626 1020/1613/626 1018/1614/626 1016/1615/626 1014/1616/626 1012/1617/626 1010/1618/626 1008/1619/626 1006/1620/626 1004/1621/626 1002/1622/626 1000/1623/626 998/1624/626 996/1625/626 994/1626/626 992/1627/626 990/1628/626 988/1629/626 986/1630/626 984/1631/626 982/1632/626 980/1633/626 978/1634/626 976/1635/626 974/1636/626
f 1029/1604/625 1030/1603/624 1032/1637/627 1031/1638/628
f 1031/1638/628 1032/1637/627 970/1639/567 969/1640/566
f 969/1641/629 971/1642/629 973/1643/629 975/1644/629 977/1645/629 979/1646/629 981/1647/629 983/1648/629 985/1649/629 987/1650/629 989/1651/629 991/1652/629 993/1653/629 995/1654/629 997/1655/629 999/1656/629 1001/1657/629 1003/1658/629 1005/1659/629 1007/1660/629 1009/1661/629 1011/1662/629 1013/1663/629 1015/1664/629 1017/1665/629 1019/1666/629 1021/1667/629 1023/1668/629 1025/1669/629 1027/1670/629 1029/1671/629 1031/1672/629
o Cylinder.011
v 2.034113 0.595670 -0.450950
v 1.895046 1.074827 -0.427048
v 2.023600 0.595261 -0.449749
v 1.879369 1.074215 -0.425305
v 2.013173 0.594774 -0.450242
v 1.863801 1.073482 -0.426177
v 2.003232 0.594228 -0.452410
v 1.848940 1.072654 -0.429631
v 1.994157 0.593642 -0.456169
v 1.835359 1.071764 -0.435534
v 1.986300 0.593040 -0.461375
v 1.823577 1.070846 -0.443660
v 1.979961 0.592445 -0.467829
v 1.814048 1.069935 -0.453696
v 1.975384 0.591880 -0.475281
v 1.807139 1.069067 -0.465256
v 1.972746 0.591365 -0.483446
v 1.803116 1.068273 -0.477897
v 1.972147 0.590922 -0.492010
v 1.802130 1.067586 -0.491132
v 1.973609 0.590567 -0.500644
v 1.804223 1.067031 -0.504453
v 1.977078 0.590314 -0.509016
v 1.809313 1.066630 -0.517348
v 1.982420 0.590173 -0.516803
v 1.817204 1.066398 -0.529321
v 1.989429 0.590148 -0.523708
v 1.827593 1.066344 -0.539912
v 1.997838 0.590242 -0.529464
v 1.840081 1.066471 -0.548715
v 2.007320 0.590449 -0.533851
v 1.854188 1.066772 -0.555391
v 2.017514 0.590763 -0.536700
v 1.869372 1.067238 -0.559683
v 2.028027 0.591172 -0.537901
v 1.885049 1.067849 -0.561426
v 2.038454 0.591659 -0.537407
v 1.900616 1.068582 -0.560554
v 2.048395 0.592205 -0.535240
v 1.915477 1.069410 -0.557100
v 2.057470 0.592791 -0.531481
v 1.929059 1.070300 -0.551197
v 2.065327 0.593393 -0.526274
v 1.940841 1.071218 -0.543071
v 2.071666 0.593988 -0.519821
v 1.950369 1.072129 -0.533035
v 2.076242 0.594553 -0.512368
v 1.957278 1.072998 -0.521475
v 2.078881 0.595068 -0.504203
v 1.961302 1.073791 -0.508834
v 2.079480 0.595511 -0.495639
v 1.962287 1.074478 -0.495599
v 2.078018 0.595865 -0.487006
v 1.960194 1.075033 -0.482278
v 2.074549 0.596118 -0.478634
v 1.955105 1.075434 -0.469383
v 2.069206 0.596260 -0.470846
v 1.947214 1.075666 -0.457410
v 2.062197 0.596285 -0.463942
v 1.936824 1.075720 -0.446818
v 2.053789 0.596191 -0.458185
v 1.924336 1.075594 -0.438016
v 2.044306 0.595984 -0.453798
v 1.910230 1.075292 -0.431340
vn 0.2268 0.0173 0.9738
vn 0.1562 -0.0039 0.9877
vn -0.0041 -0.0521 0.9986
vn 0.0687 -0.0302 0.9972
vn -0.1659 -0.1010 0.9810
vn -0.0947 -0.0795 0.9923
vn -0.3274 -0.1499 0.9329
vn -0.2617 -0.1300 0.9563
vn -0.4850 -0.1978 0.8519
vn -0.4290 -0.1808 0.8850
vn -0.6329 -0.2428 0.7352
vn -0.5900 -0.2297 0.7741
vn -0.7623 -0.2821 0.5825
vn -0.7345 -0.2737 0.6209
vn -0.8627 -0.3126 0.3975
vn -0.8493 -0.3085 0.4284
vn -0.9244 -0.3310 0.1897
vn -0.9210 -0.3301 0.2067
vn -0.9415 -0.3358 -0.0268
vn -0.9415 -0.3358 -0.0266
vn -0.9148 -0.3271 -0.2369
vn -0.9111 -0.3260 -0.2524
vn -0.8500 -0.3069 -0.4281
vn -0.8373 -0.3029 -0.4552
vn -0.7557 -0.2777 -0.5931
vn -0.7313 -0.2702 -0.6263
vn -0.6402 -0.2423 -0.7290
vn -0.6034 -0.2311 -0.7632
vn -0.5098 -0.2026 -0.8361
vn -0.4614 -0.1879 -0.8671
vn -0.3689 -0.1599 -0.9156
vn -0.3101 -0.1422 -0.9400
vn -0.2197 -0.1150 -0.9688
vn -0.1526 -0.0949 -0.9837
vn -0.0633 -0.0681 -0.9957
vn 0.0094 -0.0464 -0.9989
vn 0.0996 -0.0195 -0.9948
vn 0.1743 0.0027 -0.9847
vn 0.2677 0.0304 -0.9630
vn 0.3399 0.0517 -0.9391
vn 0.4379 0.0807 -0.8954
vn 0.5021 0.0996 -0.8590
vn 0.6038 0.1296 -0.7865
vn 0.6547 0.1445 -0.7420
vn 0.7544 0.1738 -0.6330
vn 0.7882 0.1837 -0.5874
vn 0.8749 0.2092 -0.4369
vn 0.8915 0.2140 -0.3994
vn 0.9502 0.2313 -0.2088
vn 0.9543 0.2325 -0.1878
vn 0.9709 0.2375 0.0322
vn 0.9708 0.2375 0.0325
vn 0.9371 0.2278 0.2646
vn 0.9419 0.2292 0.2456
vn 0.8578 0.2046 0.4714
vn 0.8739 0.2093 0.4388
vn 0.7458 0.1717 0.6436
vn 0.7758 0.1805 0.6046
vn 0.6127 0.1324 0.7791
vn 0.6564 0.1453 0.7403
vn 0.4669 0.0890 0.8798
vn 0.5225 0.1056 0.8461
vn -0.0443 0.9978 -0.0485
vn 0.3138 0.0433 0.9485
vn 0.3784 0.0627 0.9235
vn 0.0443 -0.9978 0.0485
vt 1.000000 0.500000
vt 1.000000 1.000000
vt 0.968750 1.000000
vt 0.968750 0.500000
vt 0.937500 1.000000
vt 0.937500 0.500000
vt 0.906250 1.000000
vt 0.906250 0.500000
vt 0.875000 1.000000
vt 0.875000 0.500000
vt 0.843750 1.000000
vt 0.843750 0.500000
vt 0.812500 1.000000
vt 0.812500 0.500000
vt 0.781250 1.000000
vt 0.781250 0.500000
vt 0.750000 1.000000
vt 0.750000 0.500000
vt 0.718750 1.000000
vt 0.718750 0.500000
vt 0.687500 1.000000
vt 0.687500 0.500000
vt 0.656250 1.000000
vt 0.656250 0.500000
vt 0.625000 1.000000
vt 0.625000 0.500000
vt 0.593750 1.000000
vt 0.593750 0.500000
vt 0.562500 1.000000
vt 0.562500 0.500000
vt 0.531250 1.000000
vt 0.531250 0.500000
vt 0.500000 1.000000
vt 0.500000 0.500000
vt 0.468750 1.000000
vt 0.468750 0.500000
vt 0.437500 1.000000
vt 0.437500 0.500000
vt 0.406250 1.000000
vt 0.406250 0.500000
vt 0.375000 1.000000
vt 0.375000 0.500000
vt 0.343750 1.000000
vt 0.343750 0.500000
vt 0.312500 1.000000
vt 0.312500 0.500000
vt 0.281250 1.000000
vt 0.281250 0.500000
vt 0.250000 1.000000
vt 0.250000 0.500000
vt 0.218750 1.000000
vt 0.218750 0.500000
vt 0.187500 1.000000
vt 0.187500 0.500000
vt 0.156250 1.000000
vt 0.156250 0.500000
vt 0.125000 1.000000
vt 0.125000 0.500000
vt 0.093750 1.000000
vt 0.093750 0.500000
vt 0.062500 1.000000
vt 0.062500 0.500000
vt 0.296822 0.485388
vt 0.250000 0.490000
vt 0.203178 0.485388
vt 0.158156 0.471731
vt 0.116663 0.449553
vt 0.080294 0.419706
vt 0.050447 0.383337
vt 0.028269 0.341844
vt 0.014612 0.296822
vt 0.010000 0.250000
vt 0.014612 0.203178
vt 0.028269 0.158156
vt 0.050447 0.116663
vt 0.080294 0.080294
vt 0.116663 0.050447
vt 0.158156 0.028269
vt 0.203178 0.014612
vt 0.250000 0.010000
vt 0.296822 0.014612
vt 0.341844 0.028269
vt 0.383337 0.050447
vt 0.419706 0.080294
vt 0.449553 0.116663
vt 0.471731 0.158156
vt 0.485388 0.203178
vt 0.490000 0.250000
vt 0.485388 0.296822
vt 0.471731 0.341844
vt 0.449553 0.383337
vt 0.419706 0.419706
vt 0.383337 0.449553
vt 0.341844 0.471731
vt 0.031250 1.000000
vt 0.031250 0.500000
vt 0.000000 1.000000
vt 0.000000 0.500000
vt 0.750000 0.490000
vt 0.796822 0.485388
vt 0.841844 0.471731
vt 0.883337 0.449553
vt 0.919706 0.419706
vt 0.949553 0.383337
vt 0.971731 0.341844
vt 0.985388 0.296822
vt 0.990000 0.250000
vt 0.985388 0.203178
vt 0.971731 0.158156
vt 0.949553 0.116663
vt 0.919706 0.080294
vt 0.883337 0.050447
vt 0.841844 0.028269
vt 0.796822 0.014612
vt 0.750000 0.010000
vt 0.703178 0.014612
vt 0.658156 0.028269
vt 0.616663 0.050447
vt 0.580294 0.080294
vt 0.550447 0.116663
vt 0.528269 0.158156
vt 0.514612 0.203178
vt 0.510000 0.250000
vt 0.514612 0.296822
vt 0.528269 0.341844
vt 0.550447 0.383337
vt 0.580294 0.419706
vt 0.616663 0.449553
vt 0.658156 0.471731
vt 0.703178 0.485388
s 1
usemtl Material.031
f 1033/1673/630 1034/1674/631 1036/1675/632 1035/1676/633
f 1035/1676/633 1036/1675/632 1038/1677/634 1037/1678/635
f 1037/1678/635 1038/1677/634 1040/1679/636 1039/1680/637
f 1039/1680/637 1040/1679/636 1042/1681/638 1041/1682/639
f 1041/1682/639 1042/1681/638 1044/1683/640 1043/1684/641
f 1043/1684/641 1044/1683/640 1046/1685/642 1045/1686/643
f 1045/1686/643 1046/1685/642 1048/1687/644 1047/1688/645
f 1047/1688/645 1048/1687/644 1050/1689/646 1049/1690/647
f 1049/1690/647 1050/1689/646 1052/1691/648 1051/1692/649
f 1051/1692/649 1052/1691/648 1054/1693/650 1053/1694/651
f 1053/1694/651 1054/1693/650 1056/1695/652 1055/1696/653
f 1055/1696/653 1056/1695/652 1058/1697/654 1057/1698/655
f 1057/1698/655 1058/1697/654 1060/1699/656 1059/1700/657
f 1059/1700/657 1060/1699/656 1062/1701/658 1061/1702/659
f 1061/1702/659 1062/1701/658 1064/1703/660 1063/1704/661
f 1063/1704/661 1064/1703/660 1066/1705/662 1065/1706/663
f 1065/1706/663 1066/1705/662 1068/1707/664 1067/1708/665
f 1067/1708/665 1068/1707/664 1070/1709/666 1069/1710/667
f 1069/1710/667 1070/1709/666 1072/1711/668 1071/1712/669
f 1071/1712/669 1072/1711/668 1074/1713/670 1073/1714/671
f 1073/1714/671 1074/1713/670 1076/1715/672 1075/1716/673
f 1075/1716/673 1076/1715/672 1078/1717/674 1077/1718/675
f 1077/1718/675 1078/1717/674 1080/1719/676 1079/1720/677
f 1079/1720/677 1080/1719/676 1082/1721/678 1081/1722/679
f 1081/1722/679 1082/1721/678 1084/1723/680 1083/1724/681
f 1083/1724/681 1084/1723/680 1086/1725/682 1085/1726/683
f 1085/1726/683 1086/1725/682 1088/1727/684 1087/1728/685
f 1087/1728/685 1088/1727/684 1090/1729/686 1089/1730/687
f 1089/1730/687 1090/1729/686 1092/1731/688 1091/1732/689
f 1091/1732/689 1092/1731/688 1094/1733/690 1093/1734/691
f 1036/1735/692 1034/1736/692 1096/1737/692 1094/1738/692 1092/1739/692 1090/1740/692 1088/1741/692 1086/1742/692 1084/1743/692 1082/1744/692 1080/1745/692 1078/1746/692 1076/1747/692 1074/1748/692 1072/1749/692 1070/1750/692 1068/1751/692 1066/1752/692 1064/1753/692 1062/1754/692 1060/1755/692 1058/1756/692 1056/1757/692 1054/1758/692 1052/1759/692 1050/1760/692 1048/1761/692 1046/1762/692 1044/1763/692 1042/1764/692 1040/1765/692 1038/1766/692
f 1093/1734/691 1094/1733/690 1096/1767/693 1095/1768/694
f 1095/1768/694 1096/1767/693 1034/1769/631 1033/1770/630
f 1033/1771/695 1035/1772/695 1037/1773/695 1039/1774/695 1041/1775/695 1043/1776/695 1045/1777/695 1047/1778/695 1049/1779/695 1051/1780/695 1053/1781/695 1055/1782/695 1057/1783/695 1059/1784/695 1061/1785/695 1063/1786/695 1065/1787/695 1067/1788/695 1069/1789/695 1071/1790/695 1073/1791/695 1075/1792/695 1077/1793/695 1079/1794/695 1081/1795/695 1083/1796/695 1085/1797/695 1087/1798/695 1089/1799/695 1091/1800/695 1093/1801/695 1095/1802/695
o Cube.011
v -0.732693 1.627099 0.863667
v -0.732693 1.621206 -0.135209
v -0.732693 1.587897 0.863898
v -0.732693 1.582004 -0.134978
v 0.744704 1.627099 0.863667
v 0.744704 1.621206 -0.135209
v 0.744704 1.587897 0.863898
v 0.744704 1.582004 -0.134978
vn -1.0000 -0.0000 -0.0000
vn -0.0000 -1.0000 0.0059
vn 1.0000 -0.0000 -0.0000
vn -0.0000 1.0000 -0.0059
vn -0.0000 0.0059 1.0000
vn -0.0000 -0.0059 -1.0000
vt 0.375000 0.000000
vt 0.625000 0.000000
vt 0.625000 0.250000
vt 0.375000 0.250000
vt 0.625000 0.500000
vt 0.375000 0.500000
vt 0.625000 0.750000
vt 0.375000 0.750000
vt 0.625000 1.000000
vt 0.375000 1.000000
vt 0.125000 0.500000
vt 0.125000 0.750000
vt 0.875000 0.500000
vt 0.875000 0.750000
s 1
usemtl Material.034
f 1097/1803/696 1098/1804/696 1100/1805/696 1099/1806/696
f 1099/1806/697 1100/1805/697 1104/1807/697 1103/1808/697
f 1103/1808/698 1104/1807/698 1102/1809/698 1101/1810/698
f 1101/1810/699 1102/1809/699 1098/1811/699 1097/1812/699
f 1099/1813/700 1103/1808/700 1101/1810/700 1097/1814/700
f 1104/1807/701 1100/1815/701 1098/1816/701 1102/1809/701
